use iaao_surveys
go

INSERT INTO questionnaire
    ([questionnaire_id], [questionnaire_name])
VALUES
    (1, 'ratio_study'),
    (2, 'PTAPP'),
    (3, 'GIS')
;
    
INSERT INTO jurisdictions
    ([jurisdiction_id], [jurisdiction_name], [jurisdiction_description], [jurisdiction_country], [jurisdiction_type])
VALUES
    (1001, 'Alabama', 'Department of Revenue Property Tax Division', 'USA', 'State'),
    (1002, 'Alaska', 'State of Alaska, Assessor', 'USA', 'State'),
    (1003, 'Arizona', 'Arizona Department of Revenue', 'USA', 'State'),
    (1004, 'Arkansas', 'Arkansas Assessment Coordination Department (ACD)', 'USA', 'State'),
    (1005, 'California', 'California State Board of Equalization', 'USA', 'State'),
    (1006, 'Colorado', 'Colorado Department of Local Affairs', 'USA', 'State'),
    (1007, 'Connecticut', 'Connecticut Office of Policy and Management', 'USA', 'State'),
    (1008, 'Delaware', 'Sussex County', 'USA', 'County'),
    (1009, 'Florida', 'Florida Department of Revenue', 'USA', 'State'),
    (1010, 'Georgia', 'GA Department of Revenue', 'USA', 'State'),
    (1011, 'Hawaii', 'County of Maui', 'USA', 'County'),
    (1012, 'Hawaii', 'County of Kauai', 'USA', 'County'),
    (1013, 'Idaho', 'Idaho State Tax Commission', 'USA', 'State'),
	(1014, 'Illinois', 'Department of Revenue Property Tax Division', 'USA', 'State'),
	(1015,	'Indiana', 'Indiana Department of Local Government Finance', 'USA', 'State'),
	(1016,	'Iowa',	'Iowa Department of Revenue-Property Tax Division', 'USA', 'State'),
	(1017,	'Kansas',	'Kansas Department of Revenue', 'USA', 'State'),
	(1018,	'Kentucky',	'Kentucky Office of Property Valuation', 'USA', 'State'),
	(1019,	'Louisiana', 'Louisiana Tax Commission', 'USA', 'State'),
	(1020,	'Maine', 'Maine Revenue Services', 'USA', 'State'),
	(1021,	'Maryland',	'Maryland State Department of Assessments and Taxation', 'USA', 'State'),
	(1022,	'Massachusetts',	'Massachusetts DOR- Division of Local Services', 'USA', 'State'),
	(1023,	'Michigan',	'Michigan Department of Treasury', 'USA', 'State'),
	(1024,	'Minnesota',	'Minnesota Department of Revenue', 'USA', 'State'),
	(1025,	'Mississippi',	'Department of Revenue, Mississippi', 'USA', 'State'),
	(1026,	'Missouri',	'State Tax Commission of Missouri', 'USA', 'State'),
	(1027,	'Montana',	'Montana Dept of Revenue', 'USA', 'State'),
	(1028,	'Nebraska',	'Property Assessment Division', 'USA', 'State'),
	(1029,	'Nevada',	'Nevada Department of Taxation', 'USA', 'State'),
	(1030,	'New Hampshire', 'New Hampshire Department of Revenue Administration', 'USA', 'State'),
	(1031,	'New Jersey',	'Division of Taxation', 'USA', 'State'),
	(1032,	'New Mexico',	'NM Taxation & Revenue Department', 'USA', 'State'),
	(1033,	'New York',	'NY State Department of Taxation and Finance', 'USA', 'State'),
	(1034,	'North Carolina',	'NCDOR Local Govt Division', 'USA', 'State'),
	(1035,	'North Dakota',	'North Dakota Office of State Tax Commissioner', 'USA', 'State'),
	(1036,	'Ohio',	'Ohio Department of Taxation', 'USA', 'State'), 
	(1037,	'Oklahoma',	'Oklahoma Tax Commission', 'USA', 'State'),
	(1038,	'Oregon',	'Oregon Department of Revenue', 'USA', 'State'),
	(1039,	'Pennsylvania',	'Pennsylvania State Tax Equalization Board', 'USA', 'State'),
	(1040,	'Rhode Island',	'Rhode Island Division of Municipal Finance', 'USA', 'State'),
	(1041,	'South Carolina',	'South Carolina Department of Revenue', 'USA', 'State'),
	(1042,	'South Dakota',	'South Dakota Department of Revenue', 'USA', 'State'),
	(1043,	'Tennessee',	'Tennessee Comptroller of the Treasury', 'USA', 'State'),
	(1044,	'Texas',	'Texas Comptroller of Public Accounts', 'USA', 'State'),
	(1045,	'Utah',	'Utah State Tax Commission', 'USA', 'State'),
	(1046,	'Vermont',	'Department of Taxes, State of Vermont', 'USA', 'State'),
	(1047,	'Virginia',	'Virginia Department of Taxation', 'USA', 'State'),
	(1048,	'Washington',	'Washington Dept Revenue', 'USA', 'State'),
	(1049,	'Washington, D.C.',	'Real Property Tax Administration', 'USA', 'State'),
	(1050,	'West Virginia',	'WV State Tax Department', 'USA', 'State'),
	(1051,	'Wisconsin',	'Department of Revenue, Division of State and Local Finance', 'USA', 'State'),
	(1052,	'Wyoming',	'State of Wyoming, Property Tax Division', 'USA', 'State'),
	(1053,	'Alberta',	'Assessment Services Branch of Municipal Affair', 'Canada', 'Provincial'),
	(1054,	'British Columbia',	'BC Assessment', 'Canada', 'Provincial'),
	(1055,	'Manitoba',	'Assessment Services', 'Canada', 'Provincial'),
	(1056,	'New Brunswick',	'Service New Brunswick', 'Canada', 'Provincial'),
	(1057,	'Newfoundland',	'Municipal Assessment Agency', 'Canada', 'Provincial'),
	(1058,	'Northwest Territories',	'Government of Northwest Territories', 'Canada', 'Provincial'),
	(1059,	'Nova Scotia',	'Property Valuation Services Corporation', 'Canada', 'Provincial'),
	(1060,  'Nunavut',	'Department of Finance', 'Canada', 'Provincial'),
	(1061,	'Ontario',	'Municipal Property Assessment Corporation', 'Canada', 'Provincial'),
	(1062,	'Prince Edward Island',	'Taxation & Property Records', 'Canada', 'Provincial'),
	(1063,	'Quebec',	'Ministry of Municipal Affairs', 'Canada', 'Provincial'),
	(1064,	'Saskatchewan',	'Saskatchewan Assessment Management Agency (SAMA)', 'Canada', 'Provincial'),
	(1065,	'Yukon', NULL, 'Canada', 'Provincial')
;

INSERT INTO questions
    ([questionnaire_id], [year], [question_id], [question_num], [question_desc])
VALUES
    (2, 2017, 1, 1, 'Full Contact Information'),
    (2, 2017, 2, 2, 'Job Title'),
    (2, 2017, 3, 3, 'Agency/Division Web Site Address'),
    (2, 2017, 4, 4, 'How has the number of assigned staff positions currently budgeted in the property tax division of your agency changed since 2012?'),
    (2, 2017, 5, 5, 'What are the roles and authorities of your agency?'),
    (2, 2017, 6, 6, 'How many real property parcels are assessed in your state/province?'),
    (2, 2017, 7, 7, 'How many personal property parcels are maintained in your state/province?'),
    (2, 2017, 8, 8, 'What properties, if any, are centrally valued by the state/province?'),
    (2, 2017, 9, 9, 'Are chief officers in assessment appointed or elected in your state/province?'),
    (2, 2017, 10, 10, 'Is public school funding subsidized from sources other than local property taxes?'),
	(2, 2017, 11, 11, 'How many levels of appeals are typically available in your state/province for centrally assessed
parcels?'),
	(2, 2017, 12, 12, 'How many state/province tribunal level property tax assessment appeals were considered in your
state/province in the past year for centrally assessed parcels?'),
	(2, 2017, 13, 13, 'Has the volume of formal appeals for centrally assessed parcels increased in your state/province since 2012?'),
	(2, 2017, 14, 14, 'For centrally assessed property, do the appeal board/council or tribunal members have formal training in property tax appeal rules or other prerequisite requirements?'),
	(2, 2017, 15, 15, 'What is the average time for first level appeals once valuation notices are sent for centrally assessed properties?'),
	(2, 2017, 16, 16, 'Are any records confidential or restricted?'),
	(2, 2017, 17, 17, 'Are there fees for fulfillment of FOI (Freedom of Information) or Open Record Law requests?'),
	(2, 2017, 18, 18, 'Are there controls to how property information is accessed by the public?'),
	(2, 2017, 19, 19, 'Have there been any changes in records confidentiality laws or practices since 2012?'),
	(2, 2017, 20, 20, 'Does your state/province have limits on INCREASES in assessed value in effect for any of the following property types or tax categories?'),
	(2, 2017, 21, 21, 'If any of the following types or classes of property are eligible for property tax exemption, please indicate whether the property (typically) would be fully or partially exempt. If exempt, indicate whether records or data are maintained. Please indicate if exemption is mandated by statute state/province-wide, state/province-authorized with local option, or by local discretion (for example, by local ordinance). Note: For purposes of these questions, exemption means property that is not taxed. There is opportunity for additional comments or explanation at the end of the question.'),
	(2, 2017, 22, 22, 'Have there been any major changes to exemptions since 2012?'),
	(2, 2017, 23, 23, 'Do any exempt properties pay a VOLUNTARY Payment In Lieu of Taxes (PILT or PILOT)?'),
	(2, 2017, 24, 24, 'Are any exempt properties (other than federally-owned properties) REQUIRED to make a Payment In Lieu of Taxes (PILT or PILOT)?'),
	(2, 2017, 25, 25, 'Do you have tax recapture (clawback) provisions? (e.g., taxes recaptured when exemption requirements or value reduction requirements are not met by homeowners, agricultural lands, or others subject to tax recapture)'),
	(2, 2017, 26, 26, 'Residential circuit breaker (funded by state/province)'),
	(2, 2017, 27, 27, 'Renter’s credit for property taxes'),
	(2, 2017, 28, 28, 'Property tax deferral program'),
	(2, 2017, 29, 29, 'Limits on annual increases in individual residential property taxes'),
	(2, 2017, 30, 30, 'Partial value exemption for primary residences'),
	(2, 2017, 31, 31, 'Partial exemption from tax levy or portion of tax levy'),
	(2, 2017, 32, 32, 'Other types of property tax relief implemented since 2012'),
	(2, 2017, 33, 33, 'Which of the following property-related business incentive or economic development programs are offered in your state/province?'),
	(2, 2017, 34, 34, 'Does your state/province provide a website for any of the following listed categories?'),
	(2, 2017, 35, 35, 'Does your state/province have statutory restrictions or rules on:'), /*fill in?*/
	(2, 2017, 36, 36, 'Please describe any changes on statutory restrictions to levies, property tax rates, or any other property
tax limitation laws since 2012.'),
	(2, 2017, 37, 37, 'If you have limits, is voter approval required to override limits?'),
	(2, 2017, 38, 38, 'In general in your state/province, is there a voter approval percentage requirement for bonded indebtedness approval?'),
	(2, 2017, 39, 39, 'Is there a state/province mandate for a legally required reassessment cycle, even though some local jurisdictions may reassess more frequently?'),
	(2, 2017, 40, 40, 'In general, what triggers a mandated property inspection and indicate whether the inspection is an on-site physical inspection or a desktop review?'),
	(2, 2017, 41, 41, 'Is there a state/province mandate for legally required sale price disclosure?'),
	(2, 2017, 42, 42, 'Does your state/province have a uniform property identification numbering (PIN) system?'),
	(2, 2017, 43, 43, 'Please indicate any other significant developments or changes not addressed in this survey that have occurred in your state/province concerning property taxation since 2012.')
	;
    
INSERT INTO responses
    ([questionnaire_id], [jurisdiction_id], [year], [question_id], [responded_to])
VALUES
    (2, 1001, 2017, 1, 1),
    (2, 1002, 2017, 1, 1),
    (2, 1003, 2017, 1, 1),
    (2, 1004, 2017, 1, 1),
    (2, 1005, 2017, 1, 1),
    (2, 1006, 2017, 1, 1),
    (2, 1007, 2017, 1, 1),
    (2, 1008, 2017, 1, 1),
    (2, 1009, 2017, 1, 1),
    (2, 1010, 2017, 1, 1),
    (2, 1011, 2017, 1, 1),
    (2, 1012, 2017, 1, 1),
    (2, 1013, 2017, 1, 1),
    (2, 1001, 2017, 2, 1),
    (2, 1002, 2017, 2, 1),
    (2, 1003, 2017, 2, 1),
    (2, 1004, 2017, 2, 1),
    (2, 1005, 2017, 2, 1),
    (2, 1006, 2017, 2, 1),
    (2, 1007, 2017, 2, 1),
    (2, 1008, 2017, 2, 1),
    (2, 1009, 2017, 2, 1),
    (2, 1010, 2017, 2, 1),
    (2, 1011, 2017, 2, 1),
    (2, 1012, 2017, 2, 1),
    (2, 1013, 2017, 2, 1),
    (2, 1001, 2017, 3, 1),
    (2, 1002, 2017, 3, 1),
    (2, 1003, 2017, 3, 1),
    (2, 1004, 2017, 3, 1),
    (2, 1005, 2017, 3, 1),
    (2, 1006, 2017, 3, 1),
    (2, 1007, 2017, 3, 1),
    (2, 1008, 2017, 3, 0),
    (2, 1009, 2017, 3, 1),
    (2, 1010, 2017, 3, 1),
    (2, 1011, 2017, 3, 1),
    (2, 1012, 2017, 3, 1),
    (2, 1013, 2017, 3, 1),
    (2, 1001, 2017, 4, 1),
    (2, 1002, 2017, 4, 1),
    (2, 1003, 2017, 4, 0),
    (2, 1004, 2017, 4, 1),
    (2, 1005, 2017, 4, 1),
    (2, 1006, 2017, 4, 1),
    (2, 1007, 2017, 4, 1),
    (2, 1008, 2017, 4, 1),
    (2, 1009, 2017, 4, 1),
    (2, 1010, 2017, 4, 1),
    (2, 1011, 2017, 4, 1),
    (2, 1012, 2017, 4, 0),
    (2, 1013, 2017, 4, 1),
    (2, 1001, 2017, 5, 1),
    (2, 1002, 2017, 5, 1),
    (2, 1003, 2017, 5, 1),
    (2, 1004, 2017, 5, 1),
    (2, 1005, 2017, 5, 1),
    (2, 1006, 2017, 5, 1),
    (2, 1007, 2017, 5, 1),
    (2, 1008, 2017, 5, 1),
    (2, 1009, 2017, 5, 1),
    (2, 1010, 2017, 5, 1),
    (2, 1011, 2017, 5, 1),
    (2, 1012, 2017, 5, 1),
    (2, 1013, 2017, 5, 1),
    (2, 1001, 2017, 6, 1),
    (2, 1002, 2017, 6, 1),
    (2, 1003, 2017, 6, 1),
    (2, 1004, 2017, 6, 1),
    (2, 1005, 2017, 6, 1),
    (2, 1006, 2017, 6, 1),
    (2, 1007, 2017, 6, 1),
    (2, 1008, 2017, 6, 0),
    (2, 1009, 2017, 6, 1),
    (2, 1010, 2017, 6, 1),
    (2, 1011, 2017, 6, 1),
    (2, 1012, 2017, 6, 1),
    (2, 1013, 2017, 6, 0),
    (2, 1001, 2017, 7, 1),
    (2, 1002, 2017, 7, 1),
    (2, 1003, 2017, 7, 1),
    (2, 1004, 2017, 7, 1),
    (2, 1005, 2017, 7, 1),
    (2, 1006, 2017, 7, 1),
    (2, 1007, 2017, 7, 1),
    (2, 1008, 2017, 7, 1),
    (2, 1009, 2017, 7, 1),
    (2, 1010, 2017, 7, 1),
    (2, 1011, 2017, 7, 1),
    (2, 1012, 2017, 7, 1),
    (2, 1013, 2017, 7, 1),
    (2, 1001, 2017, 8, 1),
    (2, 1002, 2017, 8, 1),
    (2, 1003, 2017, 8, 1),
    (2, 1004, 2017, 8, 1),
    (2, 1005, 2017, 8, 1),
    (2, 1006, 2017, 8, 0),
    (2, 1007, 2017, 8, 1),
    (2, 1008, 2017, 8, 1),
    (2, 1009, 2017, 8, 1),
    (2, 1010, 2017, 8, 1),
    (2, 1011, 2017, 8, 1),
    (2, 1012, 2017, 8, 0),
    (2, 1013, 2017, 8, 1),
    (2, 1001, 2017, 9, 1),
    (2, 1002, 2017, 9, 1),
    (2, 1003, 2017, 9, 1),
    (2, 1004, 2017, 9, 1),
    (2, 1005, 2017, 9, 1),
    (2, 1006, 2017, 9, 1),
    (2, 1007, 2017, 9, 1),
    (2, 1008, 2017, 9, 1),
    (2, 1009, 2017, 9, 1),
    (2, 1010, 2017, 9, 1),
    (2, 1011, 2017, 9, 1),
    (2, 1012, 2017, 9, 1),
    (2, 1013, 2017, 9, 1),
    (2, 1001, 2017, 10, 1),
    (2, 1002, 2017, 10, 1),
    (2, 1003, 2017, 10, 1),
    (2, 1004, 2017, 10, 1),
    (2, 1005, 2017, 10, 1),
    (2, 1006, 2017, 10, 1),
    (2, 1007, 2017, 10, 0),
    (2, 1008, 2017, 10, 1),
    (2, 1009, 2017, 10, 1),
    (2, 1010, 2017, 10, 1),
    (2, 1011, 2017, 10, 1),
    (2, 1012, 2017, 10, 1),
    (2, 1013, 2017, 10, 1)
;

   
INSERT INTO responses_detail
    ([questionnaire_id], [jurisdiction_id], [year], [question_id], [category_id], [sub_question_id], [response])
VALUES
(2, 1001, 2017, 1, NULL, NULL, 'Department of Revenue Property Tax Division'),
(2, 1002, 2017, 1, NULL, NULL, 'State of Alaska, Assessor'),
(2, 1003, 2017, 1, NULL, NULL, 'Arizona Department of Revenue'),
(2, 1004, 2017, 1, NULL, NULL, 'Arkansas Assessment Coordination Department (ACD)'),
(2, 1005, 2017, 1, NULL, NULL, 'California State Board of Equalization'),
(2, 1006, 2017, 1, NULL, NULL, 'Colorado Department of Local Affairs'),
(2, 1007, 2017, 1, NULL, NULL, 'Connecticut Office of Policy and Management'),
(2, 1008, 2017, 1, NULL, NULL, 'Sussex County'),
(2, 1009, 2017, 1, NULL, NULL, 'Florida Department of Revenue'),
(2, 1010, 2017, 1, NULL, NULL, 'GA Department of Revenue'),
(2, 1011, 2017, 1, NULL, NULL, 'County of Maui'),
(2, 1012, 2017, 1, NULL, NULL, 'County of Kauai'),
(2, 101, 2017, 1, NULL, NULL, 'Idaho State Tax Commission'),
(2, 101, 2017, 1, NULL, NULL, 'Department of Revenue, Property Tax Division'),
(2, 101, 2017, 1, NULL, NULL, 'Indiana Department of Local Government Finance'),
(2, 101, 2017, 1, NULL, NULL, 'Iowa Department of Revenue-Property Tax Division'),
(2, 101, 2017, 1, NULL, NULL, 'Kansas Department of Revenue'),
(2, 101, 2017, 1, NULL, NULL, 'Kentucky Office of Property Valuation'),
(2, 101, 2017, 1, NULL, NULL, 'Louisiana Tax Commission'),
(2, 1020, 2017, 1, NULL, NULL, 'Maine Revenue Services'),
(2, 1021, 2017, 1, NULL, NULL, 'Maryland State Department of Assessments and Taxation'),
(2, 1022, 2017, 1, NULL, NULL, 'Massachusetts DOR- Division of Local Services'),
(2, 1023, 2017, 1, NULL, NULL, 'Michigan Department of Treasury'),
(2, 1024, 2017, 1, NULL, NULL, 'Minnesota Department of Revenue'),
(2, 1025, 2017, 1, NULL, NULL, 'Department of Revenue, Mississippi'),
(2, 1026, 2017, 1, NULL, NULL, 'State Tax Commission of Missouri'),
(2, 1027, 2017, 1, NULL, NULL, 'Montana Dept of Revenue'),
(2, 1028, 2017, 1, NULL, NULL, 'Property Assessment Division'),
(2, 1029, 2017, 1, NULL, NULL, 'Nevada Department of Taxation'),
(2, 1030, 2017, 1, NULL, NULL, 'New Hampshire Department of Revenue Administration'),
(2, 1031, 2017, 1, NULL, NULL, 'Division of Taxation'),
(2, 1032, 2017, 1, NULL, NULL, 'NM Taxation & Revenue Department'),
(2, 1033, 2017, 1, NULL, NULL, 'NY State Department of Taxation and Finance'),
(2, 1034, 2017, 1, NULL, NULL, 'NCDOR Local Govt Division'),
(2, 1035, 2017, 1, NULL, NULL, 'North Dakota Office of State Tax Commissioner'),
(2, 1036, 2017, 1, NULL, NULL, 'Ohio Department of Taxation'),
(2, 1037, 2017, 1, NULL, NULL, 'Oklahoma Tax Commission'),
(2, 1038, 2017, 1, NULL, NULL, 'Oregon Department of Revenue'),
(2, 1039, 2017, 1, NULL, NULL, 'Pennsylvania State Tax Equalization Board'),
(2, 1040, 2017, 1, NULL, NULL, 'Rhode Island Division of Municipal Finance'),
(2, 1041, 2017, 1, NULL, NULL, 'South Carolina Department of Revenue'),
(2, 1042, 2017, 1, NULL, NULL, 'South Dakota Department of Revenue'),
(2, 1043, 2017, 1, NULL, NULL, 'Tennessee Comptroller of the Treasury'),
(2, 1044, 2017, 1, NULL, NULL, 'Texas Comptroller of Public Accounts'),
(2, 1045, 2017, 1, NULL, NULL, 'Utah State Tax Commission'),
(2, 1046, 2017, 1, NULL, NULL, 'Department of Taxes, State of Vermont'),
(2, 1047, 2017, 1, NULL, NULL, 'Virginia Department of Taxation'),
(2, 1048, 2017, 1, NULL, NULL, 'Washington Dept Revenue'),
(2, 1049, 2017, 1, NULL, NULL, 'Real Property Tax Administration'),
(2, 1050, 2017, 1, NULL, NULL, 'WV State Tax Department'),
(2, 1051, 2017, 1, NULL, NULL, 'Department of Revenue, Division of State and Local Finance'),
(2, 1052, 2017, 1, NULL, NULL, 'State of Wyoming, Property Tax Division'),
(2, 1053, 2017, 1, NULL, NULL, 'Assessment Services Branch of Municipal Affair'), 
(2, 1054, 2017, 1, NULL, NULL, 'BC Assessment'),
(2, 1055, 2017, 1, NULL, NULL, 'Assessment Services'),
(2, 1056, 2017, 1, NULL, NULL, 'Service New Brunswick'),
(2, 1057, 2017, 1, NULL, NULL, 'Municipal Assessment Agency'),
(2, 1058, 2017, 1, NULL, NULL, 'Government of Northwest Territories'),
(2, 1059, 2017, 1, NULL, NULL, 'Property Valuation Services Corporation'),
(2, 1060, 2017, 1, NULL, NULL, 'Department of Finance'),
(2, 1061, 2017, 1, NULL, NULL, 'Municipal Property Assessment Corporation'),
(2, 1062, 2017, 1, NULL, NULL, 'Taxation & Property Records'),
(2, 1063, 2017, 1, NULL, NULL, 'Ministry of Municipal Affairs'),
(2, 1064, 2017, 1, NULL, NULL, 'Saskatchewan Assessment Management Agency (SAMA)'),
(2, 1065, 2017, 1, NULL, NULL, 'NA'), /*CHANGE NA FROM STRING TO NULL OR OTHER DATA TYPE? */



    (2, 1001, 2017, 1, NULL, NULL, 'Department of Revenue Property Tax Division'),
    (2, 1002, 2017, 1, NULL, NULL,  'State of Alaska, Assessor'),
    (2, 1003, 2017, 1, NULL, NULL, 'Arizona Department of Revenue'),
    (2, 1004, 2017, 1, NULL, NULL, 'Arkansas Assessment Coordination Department (ACD)'),
    (2, 1005, 2017, 1, NULL, NULL,  'California State Board of Equalization'),
    (2, 1006, 2017, 1, NULL, NULL,  'Colorado Department of Local Affairs'),
    (2, 1007, 2017, 1, NULL, NULL, 'Connecticut Office of Policy and Management'),
    (2, 1008, 2017, 1, NULL, NULL, 'Sussex County'),
    (2, 1009, 2017, 1, NULL, NULL, 'Florida Department of Revenue'),
    (2, 1010, 2017, 1, NULL, NULL, 'GA Department of Revenue'),
    (2, 1011, 2017, 1, NULL, NULL, 'County of Maui'),
    (2, 1012, 2017, 1, NULL, NULL, 'County of Kauai'),
    (2, 1013, 2017, 1, NULL, NULL, 'Idaho State Tax Commission'),
    (2, 1001, 2017, 2, NULL, NULL, 'Director Lorem'),
    (2, 1002, 2017, 2, NULL, NULL, 'Director Ipsum'),
    (2, 1003, 2017, 2, NULL, NULL, 'Director FakeData'),
    (2, 1004, 2017, 2, NULL, NULL, 'Revenue Admin'),
    (2, 1005, 2017, 2, NULL, NULL, 'Administrator'),
    (2, 1006, 2017, 2, NULL, NULL, 'Head of Dept'),
    (2, 1007, 2017, 2, NULL, NULL, 'Chair of Dept'),
    (2, 1008, 2017, 2, NULL, NULL, 'Director Valorem'),
    (2, 1009, 2017, 2, NULL, NULL, 'Administrator II'),
    (2, 1010, 2017, 2, NULL, NULL, 'Administrator III'),
    (2, 1011, 2017, 2, NULL, NULL, 'Chair of Tax'),
    (2, 1012, 2017, 2, NULL, NULL, 'Head of Tax'),
    (2, 1013, 2017, 2, NULL, NULL, 'Director Lorem of Ipsum'),
    (2, 1001, 2017, 3, NULL, NULL, 'https://revenue.alabama.gov/property-tax/'),
    (2, 1002, 2017, 3, NULL, NULL, 'www.commerce.alaska.gov/web/dcra/officeofthestateassessor.aspx'),
    (2, 1003, 2017, 3, NULL, NULL, 'https://www.azdor.gov/'),
    (2, 1004, 2017, 3, NULL, NULL, 'http://www.arkansas.gov/acd/'),
    (2, 1005, 2017, 3, NULL, NULL, 'www.boe.ca.gov'),
    (2, 1006, 2017, 3, NULL, NULL, 'www.colorado.gov/dola/property-taxation'),
    (2, 1007, 2017, 3, NULL, NULL, 'http://www.ct.gov/opm'),
    (2, 1008, 2017, 3, NULL, NULL, 'sussexcountyde.gov'),
    (2, 1009, 2017, 3, NULL, NULL, 'http://floridarevenue.com/property/Pages/default.aspx'),
    (2, 1010, 2017, 3, NULL, NULL, 'etax.dor.ga.gov'),
    (2, 1011, 2017, 3, NULL, NULL, 'mauipropertytax.com  and a section in mauicounty.gov'),
    (2, 1012, 2017, 3, NULL, NULL, 'www.kauaipropertytax.com'),
    (2, 1013, 2017, 3, NULL, NULL, 'tax.idaho.gov'),
    (2, 1001, 2017, 4, '10001', NULL, NULL),
    (2, 1002, 2017, 4, '10001', NULL, 'Same'),
    (2, 1003, 2017, 4, '10001', NULL, 'Decreased'),
    (2, 1004, 2017, 4, '10001', NULL, 'Same'),
    (2, 1005, 2017, 4, '10001', NULL, 'Decreased'),
    (2, 1006, 2017, 4, '10001', NULL, 'Same'),
    (2, 1007, 2017, 4, '10001', NULL, 'Decreased'),
    (2, 1008, 2017, 4, '10001', NULL, 'Same'),
    (2, 1009, 2017, 4, '10001', NULL, 'Decreased'),
    (2, 1010, 2017, 4, '10001', NULL, 'Same'),
    (2, 1011, 2017, 4, '10001', NULL, 'Increased'),
    (2, 1012, 2017, 4, '10001', NULL, 'Same'),
    (2, 1013, 2017, 4, '10001', NULL, 'Increased'),
    (2, 1001, 2017, 4, '10002', NULL, NULL),
    (2, 1002, 2017, 4, '10002', NULL, '2'),
    (2, 1003, 2017, 4, '10002', NULL, '24'),
    (2, 1004, 2017, 4, '10002', NULL, '34'),
    (2, 1005, 2017, 4, '10002', NULL, '97'),
    (2, 1006, 2017, 4, '10002', NULL, '37'),
    (2, 1007, 2017, 4, '10002', NULL, '6'),
    (2, 1008, 2017, 4, '10002', NULL, '21'),
    (2, 1009, 2017, 4, '10002', NULL, '160'),
    (2, 1010, 2017, 4, '10002', NULL, NULL),
    (2, 1011, 2017, 4, '10002', NULL, '43'),
    (2, 1012, 2017, 4, '10002', NULL, '19'),
    (2, 1013, 2017, 4, '10002', NULL, '39'),
    (2, 1001, 2017, 5, '10003', NULL, 'Yes'),
    (2, 1002, 2017, 5, '10003', NULL, 'Yes'),
    (2, 1003, 2017, 5, '10003', NULL, 'Yes'),
    (2, 1004, 2017, 5, '10003', NULL, 'Not Applicable'),
    (2, 1005, 2017, 5, '10003', NULL, 'Yes'),
    (2, 1006, 2017, 5, '10003', NULL, 'Yes'),
    (2, 1007, 2017, 5, '10003', NULL, 'No'),
    (2, 1008, 2017, 5, '10003', NULL, 'Yes'),
    (2, 1009, 2017, 5, '10003', NULL, 'Yes'),
    (2, 1010, 2017, 5, '10003', NULL, 'Yes'),
    (2, 1011, 2017, 5, '10003', NULL, 'Yes'),
    (2, 1012, 2017, 5, '10003', NULL, 'Yes'),
    (2, 1013, 2017, 5, '10003', NULL, 'Yes'),
    (2, 1001, 2017, 5, '10004', NULL, 'Yes'),
    (2, 1002, 2017, 5, '10004', NULL, 'Yes'),
    (2, 1003, 2017, 5, '10004', NULL, 'Yes'),
    (2, 1004, 2017, 5, '10004', NULL, 'Yes'),
    (2, 1005, 2017, 5, '10004', NULL, 'Yes'),
    (2, 1006, 2017, 5, '10004', NULL, 'Yes'),
    (2, 1007, 2017, 5, '10004', NULL, 'Yes'),
    (2, 1008, 2017, 5, '10004', NULL, 'Yes'),
    (2, 1009, 2017, 5, '10004', NULL, 'Yes'),
    (2, 1010, 2017, 5, '10004', NULL, 'Yes'),
    (2, 1011, 2017, 5, '10004', NULL, 'Yes'),
    (2, 1012, 2017, 5, '10004', NULL, 'Not Applicable'),
    (2, 1013, 2017, 5, '10004', NULL, 'Yes'),
    (2, 1001, 2017, 5, '10005', NULL, 'Yes'),
    (2, 1002, 2017, 5, '10005', NULL, 'No'),
    (2, 1003, 2017, 5, '10005', NULL, 'Yes'),
    (2, 1004, 2017, 5, '10005', NULL, 'Yes'),
    (2, 1005, 2017, 5, '10005', NULL, 'Yes'),
    (2, 1006, 2017, 5, '10005', NULL, 'No'),
    (2, 1007, 2017, 5, '10005', NULL, 'Yes'),
    (2, 1008, 2017, 5, '10005', NULL, 'No'),
    (2, 1009, 2017, 5, '10005', NULL, 'Yes'),
    (2, 1010, 2017, 5, '10005', NULL, 'Yes'),
    (2, 1011, 2017, 5, '10005', NULL, 'Yes'),
    (2, 1012, 2017, 5, '10005', NULL, 'NA'),
    (2, 1013, 2017, 5, '10005', NULL, 'Yes'),
    (2, 1001, 2017, 5, '10006', NULL, 'NA'),
    (2, 1002, 2017, 5, '10006', null, 'Yes'),
    (2, 1003, 2017, 5, '10006', NULL, 'Yes'),
    (2, 1004, 2017, 5, '10006', NULL, 'Yes'),
    (2, 1005, 2017, 5, '10006', NULL, 'Yes'),
    (2, 1006, 2017, 5, '10006', NULL, 'Yes'),
    (2, 1007, 2017, 5, '10006', NULL, 'Yes'),
    (2, 1008, 2017, 5, '10006', NULL, 'No'),
    (2, 1009, 2017, 5, '10006', NULL, 'Yes'),
    (2, 1010, 2017, 5, '10006', NULL, 'Yes'),
    (2, 1011, 2017, 5, '10006', NULL, 'Yes'),
    (2, 1012, 2017, 5, '10006', NULL, 'Yes'),
    (2, 1013, 2017, 5, '10006', NULL, 'No'),
    (2, 1001, 2017, 5, '10007', NULL, 'Yes'),
    (2, 1002, 2017, 5, '10007', NULL, 'Yes'),
    (2, 1003, 2017, 5, '10007', NULL, 'Yes'),
    (2, 1004, 2017, 5, '10007', NULL, 'Yes'),
    (2, 1005, 2017, 5, '10007', NULL, 'Yes'),
    (2, 1006, 2017, 5, '10007', NULL, 'Yes'),
    (2, 1007, 2017, 5, '10007', NULL, 'Yes'),
    (2, 1008, 2017, 5, '10007', NULL, 'Not Applicable'),
    (2, 1009, 2017, 5, '10007', NULL, 'Yes'),
    (2, 1010, 2017, 5, '10007', NULL, 'Yes'),
    (2, 1011, 2017, 5, '10007', NULL, 'Yes'),
    (2, 1012, 2017, 5, '10007', NULL, 'Yes'),
    (2, 1013, 2017, 5, '10007', NULL, 'Yes'),
    (2, 1001, 2017, 5, '10008', NULL, 'NA'),
    (2, 1002, 2017, 5, '10008', NULL, 'Yes'),
    (2, 1003, 2017, 5, '10008', NULL, 'Yes'),
    (2, 1004, 2017, 5, '10008', NULL, 'Yes'),
    (2, 1005, 2017, 5, '10008', NULL, 'Yes'),
    (2, 1006, 2017, 5, '10008', NULL, 'Yes'),
    (2, 1007, 2017, 5, '10008', NULL, 'Yes'),
    (2, 1008, 2017, 5, '10008', NULL, 'Yes'),
    (2, 1009, 2017, 5, '10008', NULL, 'Yes'),
    (2, 1010, 2017, 5, '10008', NULL, 'Yes'),
    (2, 1011, 2017, 5, '10008', NULL, 'Yes'),
    (2, 1012, 2017, 5, '10008', NULL, 'Yes'),
    (2, 1013, 2017, 5, '10008', NULL, 'Yes'),
    (2, 1001, 2017, 5, '10009', NULL, 'Yes'),
    (2, 1002, 2017, 5, '10009', NULL, 'Yes'),
    (2, 1003, 2017, 5, '10009', NULL, 'No'),
    (2, 1004, 2017, 5, '10009', NULL, 'No'),
    (2, 1005, 2017, 5, '10009', NULL, 'Yes'),
    (2, 1006, 2017, 5, '10009', NULL, 'No'),
    (2, 1007, 2017, 5, '10009', NULL, 'No'),
    (2, 1008, 2017, 5, '10009', NULL, 'No'),
    (2, 1009, 2017, 5, '10009', NULL, 'No'),
    (2, 1010, 2017, 5, '10009', NULL, 'Yes'),
    (2, 1011, 2017, 5, '10009', NULL, 'NA'),
    (2, 1012, 2017, 5, '10009', NULL, 'No'),
    (2, 1013, 2017, 5, '10009', NULL, 'No'),
    (2, 1001, 2017, 5, '10010', NULL, 'NA'),
    (2, 1002, 2017, 5, '10010', NULL, 'Yes'),
    (2, 1003, 2017, 5, '10010', NULL, 'Yes'),
    (2, 1004, 2017, 5, '10010', NULL, 'No'),
    (2, 1005, 2017, 5, '10010', NULL, 'Yes'),
    (2, 1006, 2017, 5, '10010', NULL, 'Yes'),
    (2, 1007, 2017, 5, '10010', NULL, 'Yes'),
    (2, 1008, 2017, 5, '10010', NULL, 'No'),
    (2, 1009, 2017, 5, '10010', NULL, 'No'),
    (2, 1010, 2017, 5, '10010', NULL, 'Yes'),
    (2, 1011, 2017, 5, '10010', NULL, 'Yes'),
    (2, 1012, 2017, 5, '10010', NULL, 'No'),
    (2, 1013, 2017, 5, '10010', NULL, 'Yes'),
    (2, 1001, 2017, 5, '10011', NULL, 'Yes'),
    (2, 1002, 2017, 5, '10011', NULL, 'Yes'),
    (2, 1003, 2017, 5, '10011', NULL, 'Yes'),
    (2, 1004, 2017, 5, '10011', NULL, 'Yes'),
    (2, 1005, 2017, 5, '10011', NULL, 'Yes'),
    (2, 1006, 2017, 5, '10011', NULL, 'Yes'),
    (2, 1007, 2017, 5, '10011', NULL, 'Yes'),
    (2, 1008, 2017, 5, '10011', NULL, 'Yes'),
    (2, 1009, 2017, 5, '10011', NULL, 'No'),
    (2, 1010, 2017, 5, '10011', NULL, 'Yes'),
    (2, 1011, 2017, 5, '10011', NULL, 'NA'),
    (2, 1012, 2017, 5, '10011', NULL, 'No'),
    (2, 1013, 2017, 5, '10011', NULL, 'No'),
    (2, 1001, 2017, 5, '10012', NULL, 'No'),
    (2, 1002, 2017, 5, '10012', NULL, 'No'),
    (2, 1003, 2017, 5, '10012', NULL, 'No'),
    (2, 1004, 2017, 5, '10012', NULL, 'No'),
    (2, 1005, 2017, 5, '10012', NULL, 'No'),
    (2, 1006, 2017, 5, '10012', NULL, 'No'),
    (2, 1007, 2017, 5, '10012', NULL, 'No'),
    (2, 1008, 2017, 5, '10012', NULL, 'No'),
    (2, 1009, 2017, 5, '10012', NULL, 'Yes'),
    (2, 1010, 2017, 5, '10012', NULL, 'NA'),
    (2, 1011, 2017, 5, '10012', NULL, 'Yes'),
    (2, 1012, 2017, 5, '10012', NULL, 'Yes'),
    (2, 1013, 2017, 5, '10012', NULL, 'Yes'),
    (2, 1001, 2017, 5, '10013', NULL, 'NA'),
    (2, 1002, 2017, 5, '10013', NULL, 'No'),
    (2, 1003, 2017, 5, '10013', NULL, 'Yes'),
    (2, 1004, 2017, 5, '10013', NULL, 'Yes'),
    (2, 1005, 2017, 5, '10013', NULL, 'No'),
    (2, 1006, 2017, 5, '10013', NULL, 'Yes'),
    (2, 1007, 2017, 5, '10013', NULL, 'No'),
    (2, 1008, 2017, 5, '10013', NULL, 'No'),
    (2, 1009, 2017, 5, '10013', NULL, 'Yes'),
    (2, 1010, 2017, 5, '10013', NULL, 'NA'),
    (2, 1011, 2017, 5, '10013', NULL, 'Yes'),
    (2, 1012, 2017, 5, '10013', NULL, 'No'),
    (2, 1013, 2017, 5, '10013', NULL, 'Yes'),
    (2, 1001, 2017, 5, '10014', NULL, 'Yes'),
    (2, 1002, 2017, 5, '10014', NULL, 'No'),
    (2, 1003, 2017, 5, '10014', NULL, 'Yes'),
    (2, 1004, 2017, 5, '10014', NULL, 'No'),
    (2, 1005, 2017, 5, '10014', NULL, 'No'),
    (2, 1006, 2017, 5, '10014', NULL, 'No'),
    (2, 1007, 2017, 5, '10014', NULL, 'No'),
    (2, 1008, 2017, 5, '10014', NULL, 'No'),
    (2, 1009, 2017, 5, '10014', NULL, 'Not Applicable'),
    (2, 1010, 2017, 5, '10014', NULL, 'NA'),
    (2, 1011, 2017, 5, '10014', NULL, 'NA'),
    (2, 1012, 2017, 5, '10014', NULL, 'Not Applicable'),
    (2, 1013, 2017, 5, '10014', NULL, 'Yes'),
    (2, 1001, 2017, 5, '10015', NULL, 'No'),
    (2, 1002, 2017, 5, '10015', NULL, 'Yes'),
    (2, 1003, 2017, 5, '10015', NULL, 'No'),
    (2, 1004, 2017, 5, '10015', NULL, 'Yes'),
    (2, 1005, 2017, 5, '10015', NULL, 'Yes'),
    (2, 1006, 2017, 5, '10015', NULL, 'Yes'),
    (2, 1007, 2017, 5, '10015', NULL, 'Yes'),
    (2, 1008, 2017, 5, '10015', NULL, 'No'),
    (2, 1009, 2017, 5, '10015', NULL, 'Yes'),
    (2, 1010, 2017, 5, '10015', NULL, 'Yes'),
    (2, 1011, 2017, 5, '10015', NULL, 'NA'),
    (2, 1012, 2017, 5, '10015', NULL, 'Not Applicable'),
    (2, 1013, 2017, 5, '10015', NULL, 'Yes'),
    (2, 1001, 2017, 5, '10016', NULL, 'NA'),
    (2, 1002, 2017, 5, '10016', NULL, 'No'),
    (2, 1003, 2017, 5, '10016', NULL, 'No'),
    (2, 1004, 2017, 5, '10016', NULL, 'No'),
    (2, 1005, 2017, 5, '10016', NULL, 'No'),
    (2, 1006, 2017, 5, '10016', NULL, 'No'),
    (2, 1007, 2017, 5, '10016', NULL, 'No'),
    (2, 1008, 2017, 5, '10016', NULL, 'No'),
    (2, 1009, 2017, 5, '10016', NULL, 'No'),
    (2, 1010, 2017, 5, '10016', NULL, 'NA'),
    (2, 1011, 2017, 5, '10016', NULL, 'NA'),
    (2, 1012, 2017, 5, '10016', NULL, 'Yes'),
    (2, 1013, 2017, 5, '10016', NULL, 'No'),
    (2, 1001, 2017, 5, '10017', NULL, 'NA'),
    (2, 1002, 2017, 5, '10017', NULL, 'No'),
    (2, 1003, 2017, 5, '10017', NULL, 'Yes'),
    (2, 1004, 2017, 5, '10017', NULL, 'No'),
    (2, 1005, 2017, 5, '10017', NULL, 'Yes'),
    (2, 1006, 2017, 5, '10017', NULL, 'Yes'),
    (2, 1007, 2017, 5, '10017', NULL, 'No'),
    (2, 1008, 2017, 5, '10017', NULL, 'No'),
    (2, 1009, 2017, 5, '10017', NULL, 'Yes'),
    (2, 1010, 2017, 5, '10017', NULL, 'Yes'),
    (2, 1011, 2017, 5, '10017', NULL, 'NA'),
    (2, 1012, 2017, 5, '10017', NULL, 'NA'),
    (2, 1013, 2017, 5, '10017', NULL, 'Yes'),
    (2, 1001, 2017, 5, '10018', NULL, 'Yes'),
    (2, 1002, 2017, 5, '10018', NULL, 'Yes'),
    (2, 1003, 2017, 5, '10018', NULL, 'Yes'),
    (2, 1004, 2017, 5, '10018', NULL, 'Yes'),
    (2, 1005, 2017, 5, '10018', NULL, 'Yes'),
    (2, 1006, 2017, 5, '10018', NULL, 'Yes'),
    (2, 1007, 2017, 5, '10018', NULL, 'Yes'),
    (2, 1008, 2017, 5, '10018', NULL, 'No'),
    (2, 1009, 2017, 5, '10018', NULL, 'Yes'),
    (2, 1010, 2017, 5, '10018', NULL, 'Yes'),
    (2, 1011, 2017, 5, '10018', NULL, 'Yes'),
    (2, 1012, 2017, 5, '10018', NULL, 'Yes'),
    (2, 1013, 2017, 5, '10018', NULL, 'Yes'),
    (2, 1001, 2017, 6, NULL, NULL, '2832889'),
    (2, 1002, 2017, 6, NULL, NULL, '330200'),
    (2, 1003, 2017, 6, NULL, NULL, '3223734'),
    (2, 1004, 2017, 6, NULL, NULL, 'NA'),
    (2, 1005, 2017, 6, NULL, NULL, '12000000'),
    (2, 1006, 2017, 6, NULL, NULL, '2500000'),
    (2, 1007, 2017, 6, NULL, NULL, 'NA'),
    (2, 1008, 2017, 6, NULL, NULL, '536910'),
    (2, 1009, 2017, 6, NULL, NULL, '10256318'),
    (2, 1010, 2017, 6, NULL, NULL, 'NA'),
    (2, 1011, 2017, 6, NULL, NULL, '78000'),
    (2, 1012, 2017, 6, NULL, NULL, '34000'),
    (2, 1013, 2017, 6, NULL, NULL, '1010000'),
    (2, 1001, 2017, 7, NULL, NULL, '232759'),
    (2, 1002, 2017, 7, NULL, NULL, 'NA'),
    (2, 1003, 2017, 7, NULL, NULL, 'NA'),
    (2, 1004, 2017, 7, NULL, NULL, 'NA'),
    (2, 1005, 2017, 7, NULL, NULL, '1000000'),
    (2, 1006, 2017, 7, NULL, NULL, 'NA'),
    (2, 1007, 2017, 7, NULL, NULL, 'NA'),
    (2, 1008, 2017, 7, NULL, NULL, '0'),
    (2, 1009, 2017, 7, NULL, NULL, '1208612'),
    (2, 1010, 2017, 7, NULL, NULL, 'NA'),
    (2, 1011, 2017, 7, NULL, NULL, 'NA'),
    (2, 1012, 2017, 7, NULL, NULL,  'NA'),
    (2, 1013, 2017, 7, NULL, NULL,  '6000'),
    (2, 1001, 2017, 8, '10019', NULL, 'NA'),
    (2, 1002, 2017, 8, '10019', NULL, 'Mix of Central and Local Assessment'),
    (2, 1003, 2017, 8, '10019', NULL, 'NA'),
    (2, 1004, 2017, 8, '10019', NULL, 'Both- Locally Assessed as Real & Personal Property'),
    (2, 1005, 2017, 8, '10019', NULL, 'NA'),
    (2, 1006, 2017, 8, '10019', NULL, 'NA'),
    (2, 1007, 2017, 8, '10019', NULL, 'Both- Locally Assessed as Real & Personal Property'),
    (2, 1008, 2017, 8, '10019', NULL, 'NA'),
    (2, 1009, 2017, 8, '10019', NULL, 'NA'),
    (2, 1010, 2017, 8, '10019', NULL, 'NA'),
    (2, 1011, 2017, 8, '10019', NULL, 'NA'),
    (2, 1012, 2017, 8, '10019', NULL, 'Locally Assessed as Real Property'),
    (2, 1013, 2017, 8, '10019', NULL, 'Mix of Central and Local Assessment'),
    (2, 1001, 2017, 8, '10020', NULL, 'NA'),
    (2, 1002, 2017, 8, '10020', NULL, 'Both- Locally Assessed as Real & Personal Property'),
    (2, 1003, 2017, 8, '10020', NULL, 'Centrally Assessed'),
    (2, 1004, 2017, 8, '10020', NULL, 'Centrally Assessed'),
    (2, 1005, 2017, 8, '10020', NULL, 'Locally Assessed as Personal Property'),
    (2, 1006, 2017, 8, '10020', NULL, 'Centrally Assessed'),
    (2, 1007, 2017, 8, '10020', NULL, 'Locally Assessed as Real Property'),
    (2, 1008, 2017, 8, '10020', NULL, 'Not Taxable'),
    (2, 1009, 2017, 8, '10020', NULL, 'Not Taxable'),
    (2, 1010, 2017, 8, '10020', NULL, 'Centrally Assessed'),
    (2, 1011, 2017, 8, '10020', NULL, 'NA'),
    (2, 1012, 2017, 8, '10020', NULL, 'Not Taxable'),
    (2, 1013, 2017, 8, '10020', NULL, 'Not Taxable'),
    (2, 1001, 2017, 8, '10021', NULL, 'Centrally Assessed'),
    (2, 1002, 2017, 8, '10021', NULL, 'Both- Locally Assessed as Real & Personal Property'),
    (2, 1003, 2017, 8, '10021', NULL, 'Centrally Assessed'),
    (2, 1004, 2017, 8, '10021', NULL, 'Centrally Assessed'),
    (2, 1005, 2017, 8, '10021', NULL, 'Centrally Assessed'),
    (2, 1006, 2017, 8, '10021', NULL, 'Centrally Assessed'),
    (2, 1007, 2017, 8, '10021', NULL, 'Locally Assessed as Real Property'),
    (2, 1008, 2017, 8, '10021', NULL, 'Locally Assessed as Real Property'),
    (2, 1009, 2017, 8, '10021', NULL, 'Mix of Central and Local Assessment'),
    (2, 1010, 2017, 8, '10021', NULL, 'Centrally Assessed'),
    (2, 1011, 2017, 8, '10021', NULL, 'NA'),
    (2, 1012, 2017, 8, '10021', NULL, 'Not Taxable'),
    (2, 1013, 2017, 8, '10021', NULL, 'Centrally Assessed'),
    (2, 1001, 2017, 8, '10022', NULL, 'Centrally Assessed'),
    (2, 1002, 2017, 8, '10022', NULL, 'Locally Assessed as Personal Property'),
    (2, 1003, 2017, 8, '10022', NULL, 'Centrally Assessed'),
    (2, 1004, 2017, 8, '10022', NULL, 'Mix of Central and Local Assessment'),
    (2, 1005, 2017, 8, '10022', NULL, 'Centrally Assessed'),
    (2, 1006, 2017, 8, '10022', NULL, 'Centrally Assessed'),
    (2, 1007, 2017, 8, '10022', NULL, 'Locally Assessed as Personal Property'),
    (2, 1008, 2017, 8, '10022', NULL, 'Not Taxable'),
    (2, 1009, 2017, 8, '10022', NULL, 'Centrally Assessed'),
    (2, 1010, 2017, 8, '10022', NULL, 'Centrally Assessed'),
    (2, 1011, 2017, 8, '10022', NULL, 'NA'),
    (2, 1012, 2017, 8, '10022', NULL, 'Not Taxable'),
    (2, 1013, 2017, 8, '10022', NULL, 'Centrally Assessed'),
    (2, 1001, 2017, 8, '10023', NULL, 'NA'),
    (2, 1002, 2017, 8, '10023', NULL, 'Both- Locally Assessed as Real & Personal Property'),
    (2, 1003, 2017, 8, '10023', NULL, 'Centrally Assessed'),
    (2, 1004, 2017, 8, '10023', NULL, 'Mix of Central and Local Assessment'),
    (2, 1005, 2017, 8, '10023', NULL, 'Centrally Assessed'),
    (2, 1006, 2017, 8, '10023', NULL, 'Centrally Assessed'),
    (2, 1007, 2017, 8, '10023', NULL, 'Locally Assessed as Real Property'),
    (2, 1008, 2017, 8, '10023', NULL, 'Locally Assessed as Real Property'),
    (2, 1009, 2017, 8, '10023', NULL, 'Both- Locally Assessed as Real & Personal Property'),
    (2, 1010, 2017, 8, '10023', NULL, 'Centrally Assessed'),
    (2, 1011, 2017, 8, '10023', NULL, 'NA'),
    (2, 1012, 2017, 8, '10023', NULL, 'Not Taxable'),
    (2, 1013, 2017, 8, '10023', NULL, 'Centrally Assessed'),
    (2, 1001, 2017, 8, '10024', NULL, 'NA'),
    (2, 1002, 2017, 8, '10024', NULL, 'Both- Locally assessed as Real & Personal Property'),
    (2, 1003, 2017, 8, '10024', NULL, 'Centrally Assessed'),
    (2, 1004, 2017, 8, '10024', NULL, 'Centrally Assessed'),
    (2, 1005, 2017, 8, '10024', NULL, 'Centrally Assessed'),
    (2, 1006, 2017, 8, '10024', NULL, 'Mix of Central and Local Assessment'),
    (2, 1007, 2017, 8, '10024', NULL, 'Locally Assessed as Personal Property'),
    (2, 1008, 2017, 8, '10024', NULL, 'Locally Assessed as Real Property'),
    (2, 1009, 2017, 8, '10024', NULL, 'Locally Assessed as Personal Property'),
    (2, 1010, 2017, 8, '10024', NULL, 'Centrally Assessed'),
    (2, 1011, 2017, 8, '10024', NULL, 'NA'),
    (2, 1012, 2017, 8, '10024', NULL, 'Not Taxable'),
    (2, 1013, 2017, 8, '10024', NULL, 'Centrally Assessed'),
    (2, 1001, 2017, 8, '10025', NULL, 'NA'),
    (2, 1002, 2017, 8, '10025', NULL, 'Both- Locally Assessed as Real & Personal Property'),
    (2, 1003, 2017, 8, '10025', NULL, 'Centrally Assessed'),
    (2, 1004, 2017, 8, '10025', NULL, 'Centrally Assessed'),
    (2, 1005, 2017, 8, '10025', NULL, 'Locally Assessed as Real Property'),
    (2, 1006, 2017, 8, '10025', NULL, 'Centrally Assessed'),
    (2, 1007, 2017, 8, '10025', NULL, 'Locally Assessed as Real Property'),
    (2, 1008, 2017, 8, '10025', NULL, 'Locally Assessed as Real Property'),
    (2, 1009, 2017, 8, '10025', NULL, 'Both- Locally Assessed as Real & Personal Property'),
    (2, 1010, 2017, 8, '10025', NULL, 'Not Taxable'),
    (2, 1011, 2017, 8, '10025', NULL, 'NA'),
    (2, 1012, 2017, 8, '10025', NULL, 'Not Taxable'),
    (2, 1013, 2017, 8, '10025', NULL, 'Centrally Assessed'),
    (2, 1001, 2017, 8, '10026', NULL, 'Centrally Assessed'),
    (2, 1002, 2017, 8, '10026', NULL, 'Not Taxable'),
    (2, 1003, 2017, 8, '10026', NULL, 'Centrally Assessed'),
    (2, 1004, 2017, 8, '10026', NULL, 'Centrally Assessed'),
    (2, 1005, 2017, 8, '10026', NULL, 'Centrally Assessed'),
    (2, 1006, 2017, 8, '10026', NULL, 'Centrally Assessed'),
    (2, 1007, 2017, 8, '10026', NULL, 'Locally Assessed as Real Property'),
    (2, 1008, 2017, 8, '10026', NULL, 'Locally Assessed as Real Property'),
    (2, 1009, 2017, 8, '10026', NULL, 'Both- Locally Assessed as Real & Personal Property'),
    (2, 1010, 2017, 8, '10026', NULL, 'Centrally Assessed'),
    (2, 1011, 2017, 8, '10026', NULL, 'NA'),
    (2, 1012, 2017, 8, '10026', NULL, 'Not Taxable'),
    (2, 1013, 2017, 8, '10026', NULL, 'Centrally Assessed'),
    (2, 1001, 2017, 8, '10027', NULL, 'NA'),
    (2, 1002, 2017, 8, '10027', NULL, 'Both- Locally Assessed as Real & Personal Property'),
    (2, 1003, 2017, 8, '10027', NULL, 'Locally Assessed as Real Property'),
    (2, 1004, 2017, 8, '10027', NULL, 'Both- Locally Assessed as Real & Personal Property'),
    (2, 1005, 2017, 8, '10027', NULL, 'Locally Assessed as Real Property'),
    (2, 1006, 2017, 8, '10027', NULL, 'Locally Assessed as Real Property'),
    (2, 1007, 2017, 8, '10027', NULL, 'Locally Assessed as Real Property'),
    (2, 1008, 2017, 8, '10027', NULL, 'Not Taxable'),
    (2, 1009, 2017, 8, '10027', NULL, 'Both- Locally Assessed as Real & Personal Property'),
    (2, 1010, 2017, 8, '10027', NULL, 'Both- Locally Assessed as Real & Personal Property'),
    (2, 1011, 2017, 8, '10027', NULL, 'NA'),
    (2, 1012, 2017, 8, '10027', NULL, 'Not Taxable'),
    (2, 1013, 2017, 8, '10027', NULL, 'NA'),
    (2, 1001, 2017, 8, '10028', NULL, 'NA'),
    (2, 1002, 2017, 8, '10028', NULL, 'Locally Assessed as Personal Property'),
    (2, 1003, 2017, 8, '10028', NULL, 'Not Taxable'),
    (2, 1004, 2017, 8, '10028', NULL, 'Mix of Central and Local Assessment'),
    (2, 1005, 2017, 8, '10028', NULL, 'Locally Assessed as Real Property'),
    (2, 1006, 2017, 8, '10028', NULL, 'Not Taxable'),
    (2, 1007, 2017, 8, '10028', NULL, 'Not Taxable'),
    (2, 1008, 2017, 8, '10028', NULL, 'Not Taxable'),
    (2, 1009, 2017, 8, '10028', NULL, 'Not Taxable'),
    (2, 1010, 2017, 8, '10028', NULL, 'Both- Locally Assessed as Real & Personal Property'),
    (2, 1011, 2017, 8, '10028', NULL, 'NA'),
    (2, 1012, 2017, 8, '10028', NULL, 'Not Taxable'),
    (2, 1013, 2017, 8, '10028', NULL, 'Not Taxable'),
    (2, 1001, 2017, 8, '10029', NULL, 'NA'),
    (2, 1002, 2017, 8, '10029', NULL, 'Mix of Central and Local Assessment'),
    (2, 1003, 2017, 8, '10029', NULL, 'Centrally Assessed'),
    (2, 1004, 2017, 8, '10029', NULL, 'Mix of Central and Local Assessment'),
    (2, 1005, 2017, 8, '10029', NULL, 'Centrally Assessed'),
    (2, 1006, 2017, 8, '10029', NULL, 'Centrally Assessed'),
    (2, 1007, 2017, 8, '10029', NULL, 'Locally Assessed as Personal Property'),
    (2, 1008, 2017, 8, '10029', NULL, 'Not Taxable'),
    (2, 1009, 2017, 8, '10029', NULL, 'Locally Assessed as Personal Property'),
    (2, 1010, 2017, 8, '10029', NULL, 'Centrally Assessed'),
    (2, 1011, 2017, 8, '10029', NULL, 'NA'),
    (2, 1012, 2017, 8, '10029', NULL, 'Not Taxable'),
    (2, 1013, 2017, 8, '10029', NULL, 'Centrally Assessed'),
    (2, 1001, 2017, 8, '10030', NULL, 'NA'),
    (2, 1002, 2017, 8, '10030', NULL, 'Both- Locally Assessed as Real & Personal Property'),
    (2, 1003, 2017, 8, '10030', NULL, 'Centrally Assessed'),
    (2, 1004, 2017, 8, '10030', NULL, 'Centrally Assessed'),
    (2, 1005, 2017, 8, '10030', NULL, 'Centrally Assessed'),
    (2, 1006, 2017, 8, '10030', NULL, 'Mix of Central and Local Assessment'),
    (2, 1007, 2017, 8, '10030', NULL, 'Locally Assessed as Real Property'),
    (2, 1008, 2017, 8, '10030', NULL, 'Locally Assessed as Real Property'),
    (2, 1009, 2017, 8, '10030', NULL, 'Both- Locally Assessed as Real & Personal Property'),
    (2, 1010, 2017, 8, '10030', NULL, 'Centrally Assessed'),
    (2, 1011, 2017, 8, '10030', NULL, 'NA'),
    (2, 1012, 2017, 8, '10030', NULL, 'Not Taxable'),
    (2, 1013, 2017, 8, '10030', NULL, 'Centrally Assessed'),
    (2, 1001, 2017, 8, '10031', NULL, 'NA'),
    (2, 1002, 2017, 8, '10031', NULL, 'Both- Locally Assessed as Real & Personal Property'),
    (2, 1003, 2017, 8, '10031', NULL, 'Centrally Assessed'),
    (2, 1004, 2017, 8, '10031', NULL, 'Locally Assessed as Real Property'),
    (2, 1005, 2017, 8, '10031', NULL, 'Mix of Central and Local Assessment'),
    (2, 1006, 2017, 8, '10031', NULL, 'Locally Assessed as Personal Property'),
    (2, 1007, 2017, 8, '10031', NULL, 'Mix of Central and Local Assessment'),
    (2, 1008, 2017, 8, '10031', NULL, 'Locally Assessed as Real Property'),
    (2, 1009, 2017, 8, '10031', NULL, 'Locally Assessed as Personal Property'),
    (2, 1010, 2017, 8, '10031', NULL, 'Centrally Assessed'),
    (2, 1011, 2017, 8, '10031', NULL, 'NA'),
    (2, 1012, 2017, 8, '10031', NULL, 'Not Taxable'),
    (2, 1013, 2017, 8, '10031', NULL, 'Mix of Central and Local Assessment'),
    (2, 1001, 2017, 8, '10032', NULL, 'NA'),
    (2, 1002, 2017, 8, '10032', NULL, 'Both- Locally Assessed as Real & Personal Property'),
    (2, 1003, 2017, 8, '10032', NULL, 'Centrally Assessed'),
    (2, 1004, 2017, 8, '10032', NULL, 'Centrally Assessed'),
    (2, 1005, 2017, 8, '10032', NULL, 'Locally Assessed as Real Property'),
    (2, 1006, 2017, 8, '10032', NULL, 'Locally Assessed as Real Property'),
    (2, 1007, 2017, 8, '10032', NULL, 'Locally Assessed as Real Property'),
    (2, 1008, 2017, 8, '10032', NULL, 'Not Taxable'),
    (2, 1009, 2017, 8, '10032', NULL, 'Both- Locally Assessed as Real & Personal Property'),
    (2, 1010, 2017, 8, '10032', NULL, 'Locally Assessed as Real Property'),
    (2, 1011, 2017, 8, '10032', NULL, 'NA'),
    (2, 1012, 2017, 8, '10032', NULL, 'Not Taxable'),
    (2, 1013, 2017, 8, '10032', NULL, 'Both- Locally Assessed as Real & Personal Property'),
    (2, 1001, 2017, 8, '10033', NULL, 'NA'),
    (2, 1002, 2017, 8, '10033', NULL, 'Not Taxable'),
    (2, 1003, 2017, 8, '10033', NULL, 'Centrally Assessed'),
    (2, 1004, 2017, 8, '10033', NULL, 'Mix of Central and Local Assessment'),
    (2, 1005, 2017, 8, '10033', NULL, 'Locally Assessed as Real Property'),
    (2, 1006, 2017, 8, '10033', NULL, 'Locally Assessed as Real Property'),
    (2, 1007, 2017, 8, '10033', NULL, 'Not Taxable'),
    (2, 1008, 2017, 8, '10033', NULL, 'Not Taxable'),
    (2, 1009, 2017, 8, '10033', NULL, 'Locally Assessed as Real Property'),
    (2, 1010, 2017, 8, '10033', NULL, 'Locally Assessed as Real Property'),
    (2, 1011, 2017, 8, '10033', NULL, 'NA'),
    (2, 1012, 2017, 8, '10033', NULL, 'Not Taxable'),
    (2, 1013, 2017, 8, '10033', NULL, 'Not Taxable'),
    (2, 1001, 2017, 8, '10034', NULL, 'NA'),
    (2, 1002, 2017, 8, '10034', NULL, 'Not Taxable'),
    (2, 1003, 2017, 8, '10034', NULL, 'Locally Assessed as Real Property'),
    (2, 1004, 2017, 8, '10034', NULL, 'Not Taxable'),
    (2, 1005, 2017, 8, '10034', NULL, 'Locally Assessed as Real Property'),
    (2, 1006, 2017, 8, '10034', NULL, 'NA'),
    (2, 1007, 2017, 8, '10034', NULL, 'Not Taxable'),
    (2, 1008, 2017, 8, '10034', NULL, 'Not Taxable'),
    (2, 1009, 2017, 8, '10034', NULL, 'Not Taxable'),
    (2, 1010, 2017, 8, '10034', NULL, 'Not Taxable'),
    (2, 1011, 2017, 8, '10034', NULL, 'NA'),
    (2, 1012, 2017, 8, '10034', NULL, 'Not Taxable'),
    (2, 1013, 2017, 8, '10034', NULL, 'NA'),
    (2, 1001, 2017, 8, '10035', NULL, 'NA'),
    (2, 1002, 2017, 8, '10035', NULL, 'Locally Assessed as Real Property'),
    (2, 1003, 2017, 8, '10035', NULL, 'Locally Assessed as Personal Property'),
    (2, 1004, 2017, 8, '10035', NULL, 'Not Taxable'),
    (2, 1005, 2017, 8, '10035', NULL, 'Locally Assessed as Real Property'),
    (2, 1006, 2017, 8, '10035', NULL, 'Locally Assessed as Personal Property'),
    (2, 1007, 2017, 8, '10035', NULL, 'Locally Assessed as Personal Property'),
    (2, 1008, 2017, 8, '10035', NULL, 'Not Taxable'),
    (2, 1009, 2017, 8, '10035', NULL, 'Locally Assessed as Personal Property'),
    (2, 1010, 2017, 8, '10035', NULL, 'Not Taxable'),
    (2, 1011, 2017, 8, '10035', NULL, 'NA'),
    (2, 1012, 2017, 8, '10035', NULL, 'Not Taxable'),
    (2, 1013, 2017, 8, '10035', NULL, 'Not Taxable'),
    (2, 1001, 2017, 8, '10036', NULL, 'NA'),
    (2, 1002, 2017, 8, '10036', NULL, 'Locally Assessed as Real Property'),
    (2, 1003, 2017, 8, '10036', NULL, 'Locally Assessed as Real Property'),
    (2, 1004, 2017, 8, '10036', NULL, 'Locally Assessed as Real Property'),
    (2, 1005, 2017, 8, '10036', NULL, 'Locally Assessed as Real Property'),
    (2, 1006, 2017, 8, '10036', NULL, 'Locally Assessed as Real Property'),
    (2, 1007, 2017, 8, '10036', NULL, 'Locally Assessed as Real Property'),
    (2, 1008, 2017, 8, '10036', NULL, 'Locally Assessed as Real Property'),
    (2, 1009, 2017, 8, '10036', NULL, 'Locally Assessed as Real Property'),
    (2, 1010, 2017, 8, '10036', NULL, 'Locally Assessed as Real Property'),
    (2, 1011, 2017, 8, '10036', NULL, 'Locally Assessed as Real Property'),
    (2, 1012, 2017, 8, '10036', NULL, 'Locally Assessed as Real Property'),
    (2, 1013, 2017, 8, '10036', NULL, 'Locally Assessed as Real Property'),
    (2, 1001, 2017, 8, '10037', NULL, 'NA'),
    (2, 1002, 2017, 8, '10037', NULL, 'Locally Assessed as Personal Property'),
    (2, 1003, 2017, 8, '10037', NULL, 'Locally Assessed as Personal Property'),
    (2, 1004, 2017, 8, '10037', NULL, 'Locally Assessed as Personal Property'),
    (2, 1005, 2017, 8, '10037', NULL, 'Locally Assessed as Real Property'),
    (2, 1006, 2017, 8, '10037', NULL, 'Not Taxable'),
    (2, 1007, 2017, 8, '10037', NULL, 'Locally Assessed as Personal Property'),
    (2, 1008, 2017, 8, '10037', NULL, 'Not Taxable'),
    (2, 1009, 2017, 8, '10037', NULL, 'Not Taxable'),
    (2, 1010, 2017, 8, '10037', NULL, 'Locally Assessed as Personal Property'),
    (2, 1011, 2017, 8, '10037', NULL, 'NA'),
    (2, 1012, 2017, 8, '10037', NULL, 'Not Taxable'),
    (2, 1013, 2017, 8, '10037', NULL, 'Not Taxable'),
    (2, 1001, 2017, 8, '10038', NULL, 'NA'),
    (2, 1002, 2017, 8, '10038', NULL, 'Both- Locally Assessed as Real & Personal Property'),
    (2, 1003, 2017, 8, '10038', NULL, 'Centrally Assessed'),
    (2, 1004, 2017, 8, '10038', NULL, 'Mix of Central and Local Assessment'),
    (2, 1005, 2017, 8, '10038', NULL, 'Locally Assessed as Real Property'),
    (2, 1006, 2017, 8, '10038', NULL, 'Mix of Central and Local Assessment'),
    (2, 1007, 2017, 8, '10038', NULL, 'Locally Assessed as Real Property'),
    (2, 1008, 2017, 8, '10038', NULL, 'Not Taxable'),
    (2, 1009, 2017, 8, '10038', NULL, 'Not Taxable'),
    (2, 1010, 2017, 8, '10038', NULL, 'NA'),
    (2, 1011, 2017, 8, '10038', NULL, 'Locally Assessed as Real Property'),
    (2, 1012, 2017, 8, '10038', NULL, 'Locally Assessed as Real Property'),
    (2, 1013, 2017, 8, '10038', NULL, 'Centrally Assessed'),
    (2, 1001, 2017, 9, '10039', NULL, 'All Elected'),
    (2, 1002, 2017, 9, '10039', NULL, 'All Appointed'),
    (2, 1003, 2017, 9, '10039', NULL, 'All Elected'),
    (2, 1004, 2017, 9, '10039', NULL, 'Majority Elected, Some Appointed'),
    (2, 1005, 2017, 9, '10039', NULL, 'All Elected'),
    (2, 1006, 2017, 9, '10039', NULL, 'Majority Elected, Some Appointed'),
    (2, 1007, 2017, 9, '10039', NULL, 'All Appointed'),
    (2, 1008, 2017, 9, '10039', NULL, 'All Appointed'),
    (2, 1009, 2017, 9, '10039', NULL, 'All Elected'),
    (2, 1010, 2017, 9, '10039', NULL, 'All Appointed'),
    (2, 1011, 2017, 9, '10039', NULL, 'NA'),
    (2, 1012, 2017, 9, '10039', NULL, 'NA'),
    (2, 1013, 2017, 9, '10039', NULL, 'All Elected'),
    (2, 1001, 2017, 9, '10040', NULL, '6 years'),
    (2, 1002, 2017, 9, '10040', NULL, 'NA'),
    (2, 1003, 2017, 9, '10040', NULL, '4 years'),
    (2, 1004, 2017, 9, '10040', NULL, '4 years'),
    (2, 1005, 2017, 9, '10040', NULL, '4 years'),
    (2, 1006, 2017, 9, '10040', NULL, '4 years'),
    (2, 1007, 2017, 9, '10040', NULL, 'Not Applicable'),
    (2, 1008, 2017, 9, '10040', NULL, 'Not Applicable'),
    (2, 1009, 2017, 9, '10040', NULL, '4 years'),
    (2, 1010, 2017, 9, '10040', NULL, 'Not Applicable'),
    (2, 1011, 2017, 9, '10040', NULL, 'Not Applicable'),
    (2, 1012, 2017, 9, '10040', NULL, 'Not Applicable'),
    (2, 1013, 2017, 9, '10040', NULL, 'Not Applicable'),
    (2, 1001, 2017, 10, '10041', NULL, 'NA'),
    (2, 1002, 2017, 10, '10041', NULL, 'NA'),
    (2, 1003, 2017, 10, '10041', NULL, 'Yes'),
    (2, 1004, 2017, 10, '10041', NULL, 'NA'),
    (2, 1005, 2017, 10, '10041', NULL, 'Yes'),
    (2, 1006, 2017, 10, '10041', NULL, 'Yes'),
    (2, 1007, 2017, 10, '10041', NULL, 'Yes'),
    (2, 1008, 2017, 10, '10041', NULL, 'Yes'),
    (2, 1009, 2017, 10, '10041', NULL, 'Yes'),
    (2, 1010, 2017, 10, '10041', NULL, 'Yes'),
    (2, 1011, 2017, 10, '10041', NULL, 'Yes'),
    (2, 1012, 2017, 10, '10041', NULL, 'Yes'),
    (2, 1013, 2017, 10, '10041', NULL, 'Yes'),
    (2, 1001, 2017, 10, '10042', NULL, 'NA'),
    (2, 1002, 2017, 10, '10042', NULL, 'NA'),
    (2, 1003, 2017, 10, '10042', NULL, 'Yes'),
    (2, 1004, 2017, 10, '10042', NULL, 'NA'),
    (2, 1005, 2017, 10, '10042', NULL, 'Yes'),
    (2, 1006, 2017, 10, '10042', NULL, 'Yes'),
    (2, 1007, 2017, 10, '10042', NULL, 'NA'),
    (2, 1008, 2017, 10, '10042', NULL, 'NA'),
    (2, 1009, 2017, 10, '10042', NULL, 'Yes'),
    (2, 1010, 2017, 10, '10042', NULL, 'Yes'),
    (2, 1011, 2017, 10, '10042', NULL, 'NA'),
    (2, 1012, 2017, 10, '10042', NULL, 'Yes'),
    (2, 1013, 2017, 10, '10042', NULL, 'Yes'),
    (2, 1001, 2017, 10, '10043', NULL, 'NA'),
    (2, 1002, 2017, 10, '10043', NULL, 'NA'),
    (2, 1003, 2017, 10, '10043', NULL, 'NA'),
    (2, 1004, 2017, 10, '10043', NULL, 'NA'),
    (2, 1005, 2017, 10, '10043', NULL, 'NA'),
    (2, 1006, 2017, 10, '10043', NULL, 'Yes'),
    (2, 1007, 2017, 10, '10043', NULL, 'NA'),
    (2, 1008, 2017, 10, '10043', NULL, 'NA'),
    (2, 1009, 2017, 10, '10043', NULL, 'Yes'),
    (2, 1010, 2017, 10, '10043', NULL, 'Yes'),
    (2, 1011, 2017, 10, '10043', NULL, 'NA'),
    (2, 1012, 2017, 10, '10043', NULL, 'NA'),
    (2, 1013, 2017, 10, '10043', NULL, 'NA'),
    (2, 1001, 2017, 10, '10044', NULL, 'NA'),
    (2, 1002, 2017, 10, '10044', NULL, 'NA'),
    (2, 1003, 2017, 10, '10044', NULL, 'NA'),
    (2, 1004, 2017, 10, '10044', NULL, 'NA'),
    (2, 1005, 2017, 10, '10044', NULL, 'Yes'),
    (2, 1006, 2017, 10, '10044', NULL, 'NA'),
    (2, 1007, 2017, 10, '10044', NULL, 'Yes'),
    (2, 1008, 2017, 10, '10044', NULL, 'Yes'),
    (2, 1009, 2017, 10, '10044', NULL, 'Yes'),
    (2, 1010, 2017, 10, '10044', NULL, 'Yes'),
    (2, 1011, 2017, 10, '10044', NULL, 'NA'),
    (2, 1012, 2017, 10, '10044', NULL, 'NA'),
    (2, 1013, 2017, 10, '10044', NULL, 'Yes'),
    (2, 1001, 2017, 10, '10045', NULL, 'NA'),
    (2, 1002, 2017, 10, '10045', NULL, 'NA'),
    (2, 1003, 2017, 10, '10045', NULL, 'Yes'),
    (2, 1004, 2017, 10, '10045', NULL, 'NA'),
    (2, 1005, 2017, 10, '10045', NULL, 'Yes'),
    (2, 1006, 2017, 10, '10045', NULL, 'Yes'),
    (2, 1007, 2017, 10, '10045', NULL, 'Yes'),
    (2, 1008, 2017, 10, '10045', NULL, 'Yes'),
    (2, 1009, 2017, 10, '10045', NULL, 'Yes'),
    (2, 1010, 2017, 10, '10045', NULL, 'Yes'),
    (2, 1011, 2017, 10, '10045', NULL, 'NA'),
    (2, 1012, 2017, 10, '10045', NULL, 'NA'),
    (2, 1013, 2017, 10, '10045', NULL, 'Yes'),
    (2, 1001, 2017, 10, '10046', NULL, 'NA'),
    (2, 1002, 2017, 10, '10046', NULL, 'NA'),
    (2, 1003, 2017, 10, '10046', NULL, 'NA'),
    (2, 1004, 2017, 10, '10046', NULL, 'NA'),
    (2, 1005, 2017, 10, '10046', NULL, 'NA'),
    (2, 1006, 2017, 10, '10046', NULL, 'NA'),
    (2, 1007, 2017, 10, '10046', NULL, 'NA'),
    (2, 1008, 2017, 10, '10046', NULL, 'NA'),
    (2, 1009, 2017, 10, '10046', NULL, 'Yes'),
    (2, 1010, 2017, 10, '10046', NULL, 'NA'),
    (2, 1011, 2017, 10, '10046', NULL, 'NA'),
    (2, 1012, 2017, 10, '10046', NULL, 'NA'),
    (2, 1013, 2017, 10, '10046', NULL, 'NA'),
    (2, 1001, 2017, 10, '10047', NULL, 'NA'),
    (2, 1002, 2017, 10, '10047', NULL, 'NA'),
    (2, 1003, 2017, 10, '10047', NULL, 'Yes'),
    (2, 1004, 2017, 10, '10047', NULL, 'NA'),
    (2, 1005, 2017, 10, '10047', NULL, 'NA'),
    (2, 1006, 2017, 10, '10047', NULL, 'NA'),
    (2, 1007, 2017, 10, '10047', NULL, 'NA'),
    (2, 1008, 2017, 10, '10047', NULL, 'NA'),
    (2, 1009, 2017, 10, '10047', NULL, 'Yes'),
    (2, 1010, 2017, 10, '10047', NULL, 'NA'),
    (2, 1011, 2017, 10, '10047', NULL, 'NA'),
    (2, 1012, 2017, 10, '10047', NULL, 'NA'),
    (2, 1013, 2017, 10, '10047', NULL, 'NA'),
    (2, 1001, 2017, 10, '10048', NULL, 'NA'),
    (2, 1002, 2017, 10, '10048', NULL, 'NA'),
    (2, 1003, 2017, 10, '10048', NULL, 'NA'),
    (2, 1004, 2017, 10, '10048', NULL, 'NA'),
    (2, 1005, 2017, 10, '10048', NULL, 'Yes'),
    (2, 1006, 2017, 10, '10048', NULL, 'NA'),
    (2, 1007, 2017, 10, '10048', NULL, 'NA'),
    (2, 1008, 2017, 10, '10048', NULL, 'NA'),
    (2, 1009, 2017, 10, '10048', NULL, 'NA'),
    (2, 1010, 2017, 10, '10048', NULL, 'NA'),
    (2, 1011, 2017, 10, '10048', NULL, 'NA'),
    (2, 1012, 2017, 10, '10048', NULL, 'NA'),
    (2, 1013, 2017, 10, '10048', NULL, 'Yes'),
    (2, 1001, 2017, 10, '10049', NULL, 'NA'),
    (2, 1002, 2017, 10, '10049', NULL, 'NA'),
    (2, 1003, 2017, 10, '10049', NULL, 'NA'),
    (2, 1004, 2017, 10, '10049', NULL, 'NA'),
    (2, 1005, 2017, 10, '10049', NULL, 'NA'),
    (2, 1006, 2017, 10, '10049', NULL, 'NA'),
    (2, 1007, 2017, 10, '10049', NULL, 'NA'),
    (2, 1008, 2017, 10, '10049', NULL, 'NA'),
    (2, 1009, 2017, 10, '10049', NULL, 'NA'),
    (2, 1010, 2017, 10, '10049', NULL, 'NA'),
    (2, 1011, 2017, 10, '10049', NULL, 'NA'),
    (2, 1012, 2017, 10, '10049', NULL, 'NA'),
    (2, 1013, 2017, 10, '10049', NULL, 'NA'),
    (2, 1001, 2017, 10, '10050', NULL, 'NA'),
    (2, 1002, 2017, 10, '10050', NULL, 'NA'),
    (2, 1003, 2017, 10, '10050', NULL, 'Yes'),
    (2, 1004, 2017, 10, '10050', NULL, 'NA'),
    (2, 1005, 2017, 10, '10050', NULL, 'NA'),
    (2, 1006, 2017, 10, '10050', NULL, 'NA'),
    (2, 1007, 2017, 10, '10050', NULL, 'NA'),
    (2, 1008, 2017, 10, '10050', NULL, 'Yes'),
    (2, 1009, 2017, 10, '10050', NULL, 'NA'),
    (2, 1010, 2017, 10, '10050', NULL, 'NA'),
    (2, 1011, 2017, 10, '10050', NULL, 'NA'),
    (2, 1012, 2017, 10, '10050', NULL, 'NA'),
    (2, 1013, 2017, 10, '10050', NULL, 'NA')
;

INSERT INTO sub_questions
    ([questionnaire_id], [year], [question_id], [category_id], [sub_question_id], [sub_question])
VALUES
    (2, 2017, 4, NULL, 10001, 'Size Status'),
    (2, 2017, 4, NULL, 10002, 'Number of staff members in the office'),
    (2, 2017, 5, NULL, 10003, 'Standards for assessment practice, mapping, etc.'),
    (2, 2017, 5, NULL, 10004, 'Education'),
    (2, 2017, 5, NULL, 10005, 'Credentialing'),
    (2, 2017, 5, NULL, 10006, 'Providing reference materials'),
    (2, 2017, 5, NULL, 10007, 'Technical Assistance'),
    (2, 2017, 5, NULL, 10008, 'Rule making'),
    (2, 2017, 5, NULL, 10009, 'Legal Advice'),
    (2, 2017, 5, NULL, 10010, 'Conduct Equalization studies'),
    (2, 2017, 5, NULL, 10011, 'Performance Audits as Required By Law'),
    (2, 2017, 5, NULL, 10012, 'Performance Audits By Request Only'),
    (2, 2017, 5, NULL, 10013, 'Have Authority to Compel Reassessments'),
    (2, 2017, 5, NULL, 10014, 'Have Authority for Direct Equalization'),
    (2, 2017, 5, NULL, 10015, 'Have Authority for Indirect Equalization'),
    (2, 2017, 5, NULL, 10016, 'Conduct Statewide Assessment for Locally Assessed property'),
    (2, 2017, 5, NULL, 10017, 'Conduct Statewide for Centrally Assessed Property'),
    (2, 2017, 5, NULL, 10018, 'Conduct Ratio Studies'),
    (2, 2017, 8, NULL, 10019, 'All Are Assessed'),
    (2, 2017, 8, NULL, 10020, 'Commercial Airlines'),
    (2, 2017, 8, NULL, 10021, 'Railways'),
    (2, 2017, 8, NULL, 10022, 'Railroad Cars or Private Rail Cars'),
    (2, 2017, 8, NULL, 10023, 'Gas Utilities'),
    (2, 2017, 8, NULL, 10024, 'Natural Gas Pipeline'),
    (2, 2017, 8, NULL, 10025, 'Water Utilities'),
    (2, 2017, 8, NULL, 10026, 'Electric Utilities or Electric Cooperatives'),
    (2, 2017, 8, NULL, 10027, 'Oil Refineries'),
    (2, 2017, 8, NULL, 10028, 'Oil Inventory'),
    (2, 2017, 8, NULL, 10029, 'Oil Pipelines'),
    (2, 2017, 8, NULL, 10030, 'Telecommunication Companies or Cooperatives'),
    (2, 2017, 8, NULL, 10031, 'Telecommunications Equipment'),
    (2, 2017, 8, NULL, 10032, 'Mines'),
    (2, 2017, 8, NULL, 10033, 'Mineral Reserves'),
    (2, 2017, 8, NULL, 10034, 'Toll Bridges'),
    (2, 2017, 8, NULL, 10035, 'Air Pollution Controls'),
    (2, 2017, 8, NULL, 10036, 'Farm Land'),
    (2, 2017, 8, NULL, 10037, 'Farm Equipment'),
    (2, 2017, 8, NULL, 10038, 'Green Energy Producing Property'),
    (2, 2017, 9, NULL, 10039, 'Appointed or Elected'),
    (2, 2017, 9, NULL, 10040, 'If elected, what is the usual term of office?'),
    (2, 2017, 10, NULL, 10041, 'State/Provincial Income Tax'),
    (2, 2017, 10, NULL, 10042, 'State/Provincial Sales Tax'),
    (2, 2017, 10, NULL, 10043, 'Motor Vehicle Tax'),
    (2, 2017, 10, NULL, 10044, 'State/Provincial Lottery Revenue'),
    (2, 2017, 10, NULL, 10045, 'Federal Funding'),
    (2, 2017, 10, NULL, 10046, 'Amusement, Tobacco, Alcohol, Utility, Gasoline, or Mineral Taxes'),
    (2, 2017, 10, NULL, 10047, 'Casino Tax Revenue'),
    (2, 2017, 10, NULL, 10048, 'Private funding, Education Foundations'),
    (2, 2017, 10, NULL, 10049, 'Private Company Contributions'),
    (2, 2017, 10, NULL, 10050, 'Local, non-property taxes'),
    (2, 2017, 11, NULL, 10051, 'Informal appeal with assessor or assessment authority'),
    (2, 2017, 11, NULL, 10052, 'State/Provincial tribunal hearings'),
    (2, 2017, 11, NULL, 10053, 'Appeal to Court of Law'),
    (2, 2017, 11, NULL, 10054, 'If other intermediary levels of appeal are available, please specify.'),
    (2, 2017, 14, NULL, 10055, 'Appeal Training'),
    (2, 2017, 14, NULL, 10056, 'If yes, please explain.'),
    (2, 2017, 15, NULL, 10057, 'Appeal Time Mandated by State/Province'),
    (2, 2017, 15, NULL, 10058, 'State/Province Common Appeal Time'),
    (2, 2017, 15, NULL, 10059, 'Other'),
	(2, 2017, 16, 1601, 10060, 'Local Real Property'),
	(2, 2017, 16, 1601, 10061, 'Local Personal Property'),
	(2, 2017, 16, 1601, 10062, 'State/Province Assessed Property'),
	(2, 2017, 16, 1602, 10063, 'Local Real Property'),
	(2, 2017, 16, 1602, 10064, 'Local Personal Property'),
	(2, 2017, 16, 1602, 10065, 'State/Province Assessed Property'),
	(2, 2017, 16, 1603, 10066, 'Local Real Property'),
	(2, 2017, 16, 1603, 10067, 'Local Personal Property'),
	(2, 2017, 16, 1603, 10068, 'State/Province Assessed Property'),
	(2, 2017, 16, 1604, 10069, 'Local Real Property'),
	(2, 2017, 16, 1604, 10070, 'Local Personal Property'),
	(2, 2017, 16, 1604, 10071, 'State/Province Assessed Property'),
	(2, 2017, 16, 1605, 10072, 'Local Real Property'),
	(2, 2017, 16, 1605, 10073, 'Local Personal Property'),
	(2, 2017, 16, 1605, 10074, 'State/Province Assessed Property'),
	(2, 2017, 16, 1606, 10075, 'Local Real Property'),
	(2, 2017, 16, 1606, 10076, 'Local Personal Property'),
	(2, 2017, 16, 1606, 10077, 'State/Province Assessed Property'),
	(2, 2017, 16, 1607, 10078, 'Local Real Property'),
	(2, 2017, 16, 1607, 10079, 'Local Personal Property'),
	(2, 2017, 16, 1607, 10080, 'State/Province Assessed Property'),
	(2, 2017, 16, 1608, 10081, 'Other'),
	(2, 2017, 17, 1701, 10082, 'Central Assessed'),
	(2, 2017, 17, 1701, 10083, 'Local Assessed'),
	(2, 2017, 17, 1701, 10084, 'Don''t Know'),
	(2, 2017, 17, 1702, 10085, 'Central Assessed'),
	(2, 2017, 17, 1702, 10086, 'Local Assessed'),
	(2, 2017, 17, 1702, 10087, 'Don''t Know'),
	(2, 2017, 17, 1703, 10088, 'Central Assessed'),
	(2, 2017, 17, 1703, 10089, 'Local Assessed'),
	(2, 2017, 17, 1703, 10090, 'Don''t Know'),
	(2, 2017, 17, 1704, 10091, 'Central Assessed'),
	(2, 2017, 17, 1704, 10092, 'Local Assessed'),
	(2, 2017, 17, 1704, 10093, 'Don''t Know'),
	(2, 2017, 17, 1705, 10094, 'Other'),
	(2, 2017, 18, NULL, 10095, 'Online property information accessible by property number or specific address look-up'),
	(2, 2017, 18, NULL, 10096, 'Online property information available by interactive map'),
	(2, 2017, 18, NULL, 10097, 'Online personal id gives property owner access to records'),
	(2, 2017, 18, NULL, 10098, 'Property information must be requested in person or by written request'),
	(2, 2017, 18, NULL, 10099, 'All property assessment records defined by law are accessible'),
	(2, 2017, 18, NULL, 10100, 'The procedure or availability of data varies between jurisdictions'),
	(2, 2017, 18, NULL, 10101, 'Controls vary among local jurisdictions	State/Province maintains links to local assessment jurisdiction websites'),
	(2, 2017, 18, NULL, 10102, 'If there are other controls on access (e.g., paper only) please indicate the controls.'),
	(2, 2017, 19, NULL, 10103, 'Confidentiality Law changes'),
	(2, 2017, 19, NULL, 10104, 'If yes, please describe the changes and cite relevant statutes if possible.'),
	(2, 2017, 20, NULL, 10105, 'Residential'),
	(2, 2017, 20, NULL, 10106, 'Residential Rental Properties'),
	(2, 2017, 20, NULL, 10107, 'Agricultural'),
	(2, 2017, 20, NULL, 10108, 'Industrial'),
	(2, 2017, 20, NULL, 10109, 'Commercial'),
	(2, 2017, 20, NULL, 10110, 'Unimproved Land'),
	(2, 2017, 20, NULL, 10111, 'Other'),
	(2, 2017, 20, NULL, 10112, 'If yes or other, explain briefly.'),
	(2, 2017, 21, 2101, 10113, 'Exemption Status'),
	(2, 2017, 21, 2101, 10114, 'Data Maintained on Exempt Property'),
	(2, 2017, 21, 2101, 10115, 'Mandate Level'),	
	(2, 2017, 21, 2102, 10116, 'Exemption Status'),
	(2, 2017, 21, 2102, 10117, 'Data Maintained on Exempt Property'),
	(2, 2017, 21, 2102, 10118, 'Mandate Level'),
	(2, 2017, 21, 2103, 10119, 'Exemption Status'),
	(2, 2017, 21, 2103, 10120, 'Data Maintained on Exempt Property'),
	(2, 2017, 21, 2103, 10121, 'Mandate Level'),	
	(2, 2017, 21, 2104, 10122, 'Exemption Status'),
	(2, 2017, 21, 2104, 10123, 'Data Maintained on Exempt Property'),
	(2, 2017, 21, 2104, 10124, 'Mandate Level'),
	(2, 2017, 21, 2105, 10125, 'Exemption Status'),
	(2, 2017, 21, 2105, 10126, 'Data Maintained on Exempt Property'),
	(2, 2017, 21, 2105, 10127, 'Mandate Level'),
	(2, 2017, 21, 2106, 10128, 'Exemption Status'),
	(2, 2017, 21, 2106, 10129, 'Data Maintained on Exempt Property'),
	(2, 2017, 21, 2106, 10130, 'Mandate Level'),
	(2, 2017, 21, 2107, 10131, 'Exemption Status'),
	(2, 2017, 21, 2107, 10132, 'Data Maintained on Exempt Property'),
	(2, 2017, 21, 2107, 10133, 'Mandate Level'),
	(2, 2017, 21, 2108, 10134, 'Exemption Status'),
	(2, 2017, 21, 2108, 10135, 'Data Maintained on Exempt Property'),
	(2, 2017, 21, 2108, 10136, 'Mandate Level'),
	(2, 2017, 21, 2109, 10137, 'Exemption Status'),
	(2, 2017, 21, 2109, 10138, 'Data Maintained on Exempt Property'),
	(2, 2017, 21, 2109, 10139, 'Mandate Level'),
	(2, 2017, 21, 2110, 10140, 'Exemption Status'),
	(2, 2017, 21, 2110, 10141, 'Data Maintained on Exempt Property'),
	(2, 2017, 21, 2110, 10142, 'Mandate Level'),
	(2, 2017, 21, 2111, 10143, 'Exemption Status'),
	(2, 2017, 21, 2111, 10144, 'Data Maintained on Exempt Property'),
	(2, 2017, 21, 2111, 10145, 'Mandate Level'),
	(2, 2017, 21, 2112, 10146, 'Exemption Status'),
	(2, 2017, 21, 2112, 10147, 'Data Maintained on Exempt Property'),
	(2, 2017, 21, 2112, 10148, 'Mandate Level'),
	(2, 2017, 21, 2113, 10149, 'Exemption Status'),
	(2, 2017, 21, 2113, 10150, 'Data Maintained on Exempt Property'),
	(2, 2017, 21, 2113, 10151, 'Mandate Level'),
	(2, 2017, 21, 2114, 10152, 'Exemption Status'),
	(2, 2017, 21, 2114, 10153, 'Data Maintained on Exempt Property'),
	(2, 2017, 21, 2114, 10154, 'Mandate Level'),
	(2, 2017, 21, 2115, 10155, 'Exemption Status'),
	(2, 2017, 21, 2115, 10156, 'Data Maintained on Exempt Property'),
	(2, 2017, 21, 2115, 10157, 'Mandate Level'),
	(2, 2017, 21, 2116, 10158, 'Exemption Status'),
	(2, 2017, 21, 2116, 10159, 'Data Maintained on Exempt Property'),
	(2, 2017, 21, 2116, 10160, 'Mandate Level'),
	(2, 2017, 21, 2117, 10161, 'Exemption Status'),
	(2, 2017, 21, 2117, 10162, 'Data Maintained on Exempt Property'),
	(2, 2017, 21, 2117, 10163, 'Mandate Level'),
	(2, 2017, 21, 2118, 10164, 'Exemption Status'),
	(2, 2017, 21, 2118, 10165, 'Data Maintained on Exempt Property'),
	(2, 2017, 21, 2118, 10166, 'Mandate Level'),
	(2, 2017, 21, 2119, 10167, 'Exemption Status'),
	(2, 2017, 21, 2119, 10168, 'Data Maintained on Exempt Property'),
	(2, 2017, 21, 2119, 10169, 'Mandate Level'),
	(2, 2017, 21, 2120, 10170, 'Exemption Status'),
	(2, 2017, 21, 2120, 10171, 'Data Maintained on Exempt Property'),
	(2, 2017, 21, 2120, 10172, 'Mandate Level'),
	(2, 2017, 21, 2121, 10173, 'Exemption Status'),
	(2, 2017, 21, 2121, 10174, 'Data Maintained on Exempt Property'),
	(2, 2017, 21, 2121, 10175, 'Mandate Level'),
	(2, 2017, 21, 2122, 10176, 'Exemption Status'),
	(2, 2017, 21, 2122, 10177, 'Data Maintained on Exempt Property'),
	(2, 2017, 21, 2122, 10178, 'Mandate Level'),
	(2, 2017, 21, 2123, 10179, 'Exemption Status'),
	(2, 2017, 21, 2123, 10180, 'Data Maintained on Exempt Property'),
	(2, 2017, 21, 2123, 10181, 'Mandate Level'),
	(2, 2017, 21, 2124, 10182, 'Exemption Status'),
	(2, 2017, 21, 2124, 10183, 'Data Maintained on Exempt Property'),
	(2, 2017, 21, 2124, 10184, 'Mandate Level'),
	(2, 2017, 21, 2125, 10185, 'Exemption Status'),
	(2, 2017, 21, 2125, 10186, 'Data Maintained on Exempt Property'),
	(2, 2017, 21, 2125, 10187, 'Mandate Level'),
	(2, 2017, 21, 2126, 10188, 'Exemption Status'),
	(2, 2017, 21, 2126, 10189, 'Data Maintained on Exempt Property'),
	(2, 2017, 21, 2126, 10190, 'Mandate Level'),
	(2, 2017, 21, 2127, 10191, 'Exemption Status'),
	(2, 2017, 21, 2127, 10192, 'Data Maintained on Exempt Property'),
	(2, 2017, 21, 2127, 10193, 'Mandate Level'),
	(2, 2017, 21, 2128, 10194, 'Exemption Status'),
	(2, 2017, 21, 2128, 10195, 'Data Maintained on Exempt Property'),
	(2, 2017, 21, 2128, 10196, 'Mandate Level'),
	(2, 2017, 21, 2129, 10197, 'Exemption Status'),
	(2, 2017, 21, 2129, 10198, 'Data Maintained on Exempt Property'),
	(2, 2017, 21, 2129, 10199, 'Mandate Level'),
	(2, 2017, 21, 2130, 10200, 'Exemption Status'),
	(2, 2017, 21, 2130, 10201, 'Data Maintained on Exempt Property'),
	(2, 2017, 21, 2130, 10202, 'Mandate Level'),
	(2, 2017, 21, 2131, 10203, 'Exemption Status'),
	(2, 2017, 21, 2131, 10204, 'Data Maintained on Exempt Property'),
	(2, 2017, 21, 2131, 10205, 'Mandate Level'),
	(2, 2017, 21, 2132, 10206, 'Exemption Status'),
	(2, 2017, 21, 2132, 10207, 'Data Maintained on Exempt Property'),
	(2, 2017, 21, 2132, 10208, 'Mandate Level'),
	(2, 2017, 22, NULL, 10209, 'New Major Exemptions'),
	(2, 2017, 22, NULL, 10210, 'Expansion of Existing Exemptions'),
	(2, 2017, 22, NULL, 10211, 'Reduction of Existing Exemptions'),
	(2, 2017, 22, NULL, 10212, 'Elimination of Existing Exemptions'),
	(2, 2017, 22, NULL, 10213, 'No Major Changes to Exemptions'),
	(2, 2017, 22, NULL, 10214, 'Any other major changes'),
	(2, 2017, 23, NULL, 10215, 'Nonprofit Hospitals and Extended Care Facilties'),
	(2, 2017, 23, NULL, 10216, 'Other NonProfit Entities'),
	(2, 2017, 23, NULL, 10217, 'Churches'),
	(2, 2017, 23, NULL, 10218, 'Charities'),
	(2, 2017, 23, NULL, 10219, 'Public Universities'),
	(2, 2017, 23, NULL, 10220, 'Private Universities'),
	(2, 2017, 23, NULL, 10221, 'Privately-Owned Facilities on Exempt Public Land'),
	(2, 2017, 23, NULL, 10222, 'Other Exempt Property Types'),
	(2, 2017, 24, NULL, 10223, 'Charities'),
	(2, 2017, 24, NULL, 10224, 'Nonprofit Hospitals and Extended Care Facilties'),
	(2, 2017, 24, NULL, 10225, 'Other NonProfit Entities'),
	(2, 2017, 24, NULL, 10226, 'Churches'),
	(2, 2017, 24, NULL, 10227, 'Public Universities'),
	(2, 2017, 24, NULL, 10228, 'Private Universities'),
	(2, 2017, 24, NULL, 10229, 'Privately-Owned Facilities on Exempt Public Land'),
	(2, 2017, 24, NULL, 10230, 'Government Bodies'),
	(2, 2017, 24, NULL, 10231, 'Other Exempt Property Types'),
	(2, 2017, 25, NULL, 10232, 'Mandated Level'),
	(2, 2017, 25, NULL, 10233, 'Clawback For Homeowner Exemptions'),
	(2, 2017, 25, NULL, 10234, 'Clawback for Personal Property'),
	(2, 2017, 25, NULL, 10235, 'Clawback for Commercial/Indudstrial Property'),
	(2, 2017, 25, NULL, 10236, 'Clawback for Farm Use Property'),
	(2, 2017, 25, NULL, 10237, 'Clawback for Open Land or Conservancy'),
	(2, 2017, 25, NULL, 10238, 'No Provisions for Clawback'),
	(2, 2017, 25, NULL, 10239, 'Describe the program and any changes since 2012.'),
	(2, 2017, 26, NULL, 10240, 'Not Applicable'),
	(2, 2017, 26, NULL, 10241, 'Age'),
	(2, 2017, 26, NULL, 10242, 'Owner Occupied'),
	(2, 2017, 26, NULL, 10243, 'Years of Owner Occupied Qualifer'),
	(2, 2017, 26, NULL, 10244, 'Income Limits'),
	(2, 2017, 26, NULL, 10245, 'Value Limits'),
	(2, 2017, 26, NULL, 10246, 'Disability'),
	(2, 2017, 26, NULL, 10247, 'Disabled Veteran'),
	(2, 2017, 26, NULL, 10248, 'Other changes'),
	(2, 2017, 27, NULL, 10249, 'Not Applicable'),
	(2, 2017, 27, NULL, 10250, 'Age'),
	(2, 2017, 27, NULL, 10251, 'Owner Occupied'),
	(2, 2017, 27, NULL, 10252, 'Income Limits'),
	(2, 2017, 27, NULL, 10253, 'Value Limits'),
	(2, 2017, 27, NULL, 10254, 'Disability'),
	(2, 2017, 27, NULL, 10255, 'Disabled Veteran'),
	(2, 2017, 27, NULL, 10256, 'Other changes'),
	(2, 2017, 28, NULL, 10257, 'Not Applicable'),
	(2, 2017, 28, NULL, 10258, 'Age'),
	(2, 2017, 28, NULL, 10259, 'Owner Occupied'),	
	(2, 2017, 28, NULL, 10260, 'Years of Owner Occupied Qualifer'),	
	(2, 2017, 28, NULL, 10261, 'Income Limits'),	
	(2, 2017, 28, NULL, 10262, 'Value Limits'),
	(2, 2017, 28, NULL, 10263, 'Equity Requirements'),
	(2, 2017, 28, NULL, 10264, 'Disability'),
	(2, 2017, 28, NULL, 10265, 'Disabled Veteran'),
	(2, 2017, 28, NULL, 10266, 'Other changes'),
	(2, 2017, 29, NULL, 10267, 'Not Applicable'),
	(2, 2017, 29, NULL, 10268, 'Age'),
	(2, 2017, 29, NULL, 10269, 'Owner Occupied'),
	(2, 2017, 29, NULL, 10270, 'Years of Owner Occupied Qualifer'),
	(2, 2017, 29, NULL, 10271, 'Income Limits'),
	(2, 2017, 29, NULL, 10272, 'Value Limits'),
	(2, 2017, 29, NULL, 10273, 'Equity Requirements'),
	(2, 2017, 29, NULL, 10274, 'Disability'),
	(2, 2017, 29, NULL, 10275, 'Disabled Veteran'),
	(2, 2017, 29, NULL, 10276, 'Other changes'),
	(2, 2017, 30, NULL, 10277, 'Not Applicable'),
	(2, 2017, 30, NULL, 10278, 'Age'),
	(2, 2017, 30, NULL, 10279, 'Owner Occupied'),
	(2, 2017, 30, NULL, 10280, 'Years of Owner Occupied Qualifer'),
	(2, 2017, 30, NULL, 10281, 'Income Limits'),
	(2, 2017, 30, NULL, 10282, 'Property Value Limits'),
	(2, 2017, 30, NULL, 10283, 'Equity Requirements'),
	(2, 2017, 30, NULL, 10284, 'Disability'),
	(2, 2017, 30, NULL, 10285, 'Disabled Veteran'),
	(2, 2017, 30, NULL, 10286, 'Other changes'),
	(2, 2017, 31, NULL, 10287, 'Not Applicable'),
	(2, 2017, 31, NULL, 10288, 'Age'),
	(2, 2017, 31, NULL, 10289, 'Owner Occupied'),
	(2, 2017, 31, NULL, 10290, 'Years of Owner Occupied Qualifer'),
	(2, 2017, 31, NULL, 10291, 'Income Limits'),
	(2, 2017, 31, NULL, 10292, 'Value Limits'),
	(2, 2017, 31, NULL, 10293, 'Equity Requirements'),
	(2, 2017, 31, NULL, 10294, 'Disability'),
	(2, 2017, 31, NULL, 10295, 'Disabled Veteran'),
	(2, 2017, 31, NULL, 10296, 'Other changes'),
	(2, 2017, 33, NULL, 10297, 'Property Tax Abatement'),
	(2, 2017, 33, NULL, 10298, 'General Obligation Bonds dedicated to Capital Improvements'),
	(2, 2017, 33, NULL, 10299, 'Personal Property Exemptions'),
	(2, 2017, 33, NULL, 10300, 'Green Energy or Sustainable Architecture Programs'),
	(2, 2017, 33, NULL, 10301, 'Dedicated Brownfield or Contaminated Property redevelopment Programs'),
	(2, 2017, 33, NULL, 10302, 'Enterprise or Development Zone Credits'),
	(2, 2017, 33, NULL, 10303, 'Enterprise or Development Zone Exemptions'),
	(2, 2017, 33, NULL, 10304, 'TIF or Economic Improvement Districts'),
	(2, 2017, 33, NULL, 10305, 'Special Service Areas'),
	(2, 2017, 33, NULL, 10306, 'Open Space or Open Land'),
	(2, 2017, 33, NULL, 10307, 'Other'),
	(2, 2017, 34, NULL, 10308, 'Business Property Tax Incentives'),
	(2, 2017, 34, NULL, 10309, 'Annual Reports'),
	(2, 2017, 34, NULL, 10310, 'Ratio Study Results'),
	(2, 2017, 34, NULL, 10311, 'Local Assessed Values/Abstracts'),
	(2, 2017, 34, NULL, 10312, 'Property Tax Appeals Information/Reporting'),
	(2, 2017, 34, NULL, 10313, 'Assessor Manual and/or Guidelines'),
	(2, 2017, 34, NULL, 10314, 'Compensation/Salary Survey'),
	(2, 2017, 34, NULL, 10315, 'TIF Reports'),
	(2, 2017, 34, NULL, 10316, 'Open Data Portal'),
	(2, 2017, 34, NULL, 10317, 'Statewide Mapping/GIS site'),
	(2, 2017, 34, NULL, 10318, 'Links to Resource Pages'),
	(2, 2017, 35, NULL, 10319, 'Levies'),
	(2, 2017, 35, NULL, 10320, 'Millage'),
	(2, 2017, 35, NULL, 10321, 'Individual Taxing Districts'),
	(2, 2017, 35, NULL, 10322, 'Overall property tax limitation laws on tax rates'),
	(2, 2017, 35, NULL, 10323, 'Overall property tax limitation laws on tax levies'),
	(2, 2017, 35, NULL, 10324, 'Home Rule Provisions'),
	(2, 2017, 35, NULL, 10325, 'If you have statutory restrictions on both levies and millage rates, which is the predominant constraint?'),
	(2, 2017, 37, NULL, 10326, 'Voter Approval Required'),
	(2, 2017, 37, NULL, 10327, 'If yes, please explain what type of limit (assessed value or tax rate) and what is the typical percentage of votes required to override the limit?'),
	(2, 2017, 38, NULL, 10328, 'Voter Approval Required'),
	(2, 2017, 38, NULL, 10329, 'If yes, what is the percentage of votes required for bonded indebtedness approval?'),
	(2, 2017, 39, NULL, 10330, 'Reassessment Frequency'), /*THIS ONE IS WEIRD TO CALL A SUBQUESTION - it's basically a question IF yes is answered*/
	(2, 2017, 40, 4001, 10331, 'On Site Physical Inspection'),
	(2, 2017, 40, 4001, 10332, 'Desktop Review Allowed'),
	(2, 2017, 40, 4001, 10333, 'No Mandated Inspection'),
	(2, 2017, 40, 4001, 10334, 'Type of Inspection Not Specified'),	
	(2, 2017, 40, 4002, 10335, 'On Site Physical Inspection'),
	(2, 2017, 40, 4002, 10336, 'Desktop Review Allowed'),
	(2, 2017, 40, 4002, 10337, 'No Mandated Inspection'),
	(2, 2017, 40, 4002, 10338, 'Type of Inspection Not Specified'),
	(2, 2017, 40, 4003, 10339, 'On Site Physical Inspection'),
	(2, 2017, 40, 4003, 10340, 'Desktop Review Allowed'),
	(2, 2017, 40, 4003, 10341, 'No Mandated Inspection'),
	(2, 2017, 40, 4003, 10342, 'Type of Inspection Not Specified'),
	(2, 2017, 40, 4004, 10343, 'On Site Physical Inspection'),
	(2, 2017, 40, 4004, 10344, 'Desktop Review Allowed'),
	(2, 2017, 40, 4004, 10345, 'No Mandated Inspection'),
	(2, 2017, 40, 4004, 10346, 'Type of Inspection Not Specified'),
	(2, 2017, 40, 4005, 10347, 'On Site Physical Inspection'),
	(2, 2017, 40, 4005, 10348, 'Desktop Review Allowed'),
	(2, 2017, 40, 4005, 10349, 'No Mandated Inspection'),
	(2, 2017, 40, 4005, 10350, 'Type of Inspection Not Specified'),
	(2, 2017, 40, 4006, 10351, 'On Site Physical Inspection'),
	(2, 2017, 40, 4006, 10352, 'Desktop Review Allowed'),
	(2, 2017, 40, 4006, 10353, 'No Mandated Inspection'),
	(2, 2017, 40, 4006, 10354, 'Type of Inspection Not Specified'),
	(2, 2017, 40, 4007, 10355, 'On Site Physical Inspection'),
	(2, 2017, 40, 4007, 10356, 'Desktop Review Allowed'),
	(2, 2017, 40, 4007, 10357, 'No Mandated Inspection'),
	(2, 2017, 40, 4007, 10358, 'Type of Inspection Not Specified'),
	(2, 2017, 40, 4008, 10359, 'Other'),
	(2, 2017, 41, NULL, 10360, 'State/Province Assessed Property'),
	(2, 2017, 41, NULL, 10361, 'Local Assessed Real Property'),
	(2, 2017, 41, NULL, 10362, 'Locally Assessed Personal Property'),
	(2, 2017, 42, NULL, 10363, 'PIN System Level'),
	(2, 2017, 42, NULL, 10364, 'Please identify or provide an example of the most widely used pin system in your state/province.'),
	(2, 2017, 43, NULL, 10365, 'Legislation'),	
	(2, 2017, 43, NULL, 10366, 'Court Decisions'),	
	(2, 2017, 43, NULL, 10367, 'Administrative Policies and Practices'),
	(2, 2017, 43, NULL, 10368, 'Other')



;

/* need to create responses_categories */
INSERT INTO responses_categories	
([questionnaire_id], [year], [question_id], [category_id], [category_desc])
VALUES
	(2, 2017, 16, 1601, 'Confidential by State/Province Statute'),
	(2, 2017, 16, 1602, 'Confidential by Local Ordinance'),
	(2, 2017, 16, 1603, 'Restrictions defined by law for Freedom of Information Requests'), 
	(2, 2017, 16, 1604, 'Identified elements of commercial use'), 
	(2, 2017, 16, 1605, 'Restrict out of Jurisdiction requests'), 
	(2, 2017, 16, 1606, 'Restrict out of state requests'), 
	(2, 2017, 16, 1607, 'Restricts out of country requests'), 
	(2, 2017, 16, 1608, 'Other'),
	(2, 2017, 17, 1701, 'Free, No Fee'),
	(2, 2017, 17, 1702, 'Nominal fee for transfer medium'),
	(2, 2017, 17, 1703, 'Additional Fees for Staff Fulfillment Labor'),
	(2, 2017, 17, 1704, 'Additional Fees for Value of Intellectual Property'),
	(2, 2017, 17, 1705, 'Other'),
	(2, 2017, 21, 2101, 'Agricultural Property'),
	(2, 2017, 21, 2102, 'Privately Owned Airplanes'),
	(2, 2017, 21, 2103, 'Commercial Airlines'),
	(2, 2017, 21, 2104, 'Business Inventory'),
	(2, 2017, 21, 2105, 'Cemeteries'),			
	(2, 2017, 21, 2106, 'Charitable Organizations'),			
	(2, 2017, 21, 2107, 'Other Nonprofit Organizations'),			
	(2, 2017, 21, 2108, 'Private Universitites and Colleges'),
	(2, 2017, 21, 2109, 'Public Universities and Colleges'),
	(2, 2017, 21, 2110, 'Fraternal Organizations'),
	(2, 2017, 21, 2111, 'Commercial Timber Lands or Orchards'),
	(2, 2017, 21, 2112, 'Government Property (state or local)'),
	(2, 2017, 21, 2113, 'Historical Property'),
	(2, 2017, 21, 2114, 'Nonprofit Hospitals'),
	(2, 2017, 21, 2115, 'Nonprofit long-term care and senior care facilities'),
	(2, 2017, 21, 2116, 'Oil and Gas Property'),
	(2, 2017, 21, 2117, 'Green Energy Producing Property'),
	(2, 2017, 21, 2118, 'Leadership in Energy and Environment Design (LEED) certified property'),
	(2, 2017, 21, 2119, 'Minerals in Place other than Oil and Gas'),
	(2, 2017, 21, 2120, 'Personal Property, Intangible'),
	(2, 2017, 21, 2121, 'Personal Property, Tangible'),
	(2, 2017, 21, 2122, 'Machinery and Equipment'),
	(2, 2017, 21, 2123, 'Registered Vehicles'),
	(2, 2017, 21, 2124, 'Religious Organizations'),
	(2, 2017, 21, 2125, 'Residential Property'),
	(2, 2017, 21, 2126, 'Low-Income (HUD or other community development housing)'),
	(2, 2017, 21, 2127, 'Residential Property Owned by an Exempt Nonprofit Organization'),
	(2, 2017, 21, 2128, 'Public Service Property (Utilities)'),
	(2, 2017, 21, 2129, 'Railroads'),
	(2, 2017, 21, 2130, 'Telecommunications'),
	(2, 2017, 21, 2131, 'Site Improvements to Land Owned by the Developer (utilities, water and sewer, roads, etc.)'),
	(2, 2017, 21, 2132, 'Other'),
	(2, 2017, 40, 4001, 'Assessment Appeal'),
	(2, 2017, 40, 4002, 'Construction Permit Notification'),	
	(2, 2017, 40, 4003, 'Mandated Reassessment Cycle'),	
	(2, 2017, 40, 4004, 'Sale of Property/Change of Title'),
	(2, 2017, 40, 4005, 'Disaster-related Valuation'),		
	(2, 2017, 40, 4006, 'Application for Preferential Exemption'),	
	(2, 2017, 40, 4007, 'Discovery of  Omitted Assessment'),
	(2, 2017, 40, 4008, 'Other')


	;
